Image Name,Score,X Pos,Y Pos,Cells Detected
201810101043_00004.png,85,90.923,40.7958,1
201810101043_00005.png,87,87.5705,32.4764,1
201810101043_00006.png,0,-,-,0
201810101043_00008.png,87,76.4718,22.3197,1
201810101043_00017.png,70,75.9554,26.0334,1
201810101043_00018.png,88,79.178,25.376,1
201810101043_00024.png,90,77.9933,24.6696,1
201810101043_00026.png,85,78.9776,26.9043,1
201810101043_00032.png,51,81.0963,27.0868,1
201810101043_00041.png,33,77.9902,28.2052,1
201810101043_00045.png,95,52.6892,21.9272,1
201810101043_00050.png,77,71.2891,24.0115,1
201810101043_00051.png,92,78.6034,26.2042,1
201810101043_00059.png,88,89.5109,38.131,1
201810101043_00060.png,30,81.6643,27.7927,1
201810101043_00075.png,37,83.1954,29.4888,1
201810101043_00076.png,79,75.1913,26.5964,1
201810101043_00077.png,91,77.3469,24.9594,1
201810101043_00091.png,50,78.8195,27.5899,1
201810101043_00092.png,75,89.7791,42.5701,1
201810101043_00094.png,93,89.3578,35.6694,1
201810101043_00095.png,84,56.7798,23.971,1
201810101043_00097.png,61,83.9999,29.0495,1
201810101043_00098.png,47,79.3974,27.2921,1
201810101043_00102.png,41,78.0272,28.4037,1
201810101043_00105.png,72,76.1992,26.9022,1
201810101043_00109.png,54,90.4526,43.478,1
201810101043_00110.png,68,79.7203,27.5196,1
201810101043_00111.png,82,85.4089,33.8211,1
201810101043_00116.png,83,75.0781,28.1672,1
201810101043_00119.png,43,80.0131,27.2647,1
201810101043_00122.png,89,76.5108,23.9437,1
201810101043_00132.png,81,73.4307,25.2758,1
201810101043_00133.png,77,73.1668,23.991,1
201810101043_00134.png,65,75.5848,24.2924,1
201810101043_00138.png,86,78.7726,26.0852,1
201810101043_00160.png,64,74.7162,25.0106,1
201810101043_00161.png,88,89.6494,35.8752,1
201810101043_00172.png,84,86.1671,32.2099,1
201810101043_00177.png,35,82.7368,28.395,1
201810101043_00178.png,63,73.6443,29.4438,1
201810101043_00197.png,59,80.825,27.2253,1
201810101043_00207.png,85,89.881,38.752,1
201810101043_00210.png,74,78.0609,26.5204,1
201810101043_00211.png,67,84.1341,29.7915,1
201810101043_00213.png,90,86.0026,34.1082,1
201810101043_00218.png,92,84.614,33.1014,1
201810101043_00223.png,79,69.0611,26.7966,1
201810101043_00224.png,85,68.3631,28.2242,1
201810101043_00226.png,80,25.3387,30.5648,1
201810101043_00239.png,92,68.6021,23.0377,1
201810101043_00247.png,84,89.5334,37.4366,1
201810101043_00266.png,0,-,-,0
201810101043_00269.png,58,84.9404,31.4981,1
201810101043_00270.png,82,77.1677,25.3575,1
201810101043_00277.png,84,89.9492,38.632,1
201810101043_00290.png,85,70.0289,22.7614,1
201810101043_00293.png,93,89.5839,36.3779,1
201810101043_00302.png,85,87.2139,33.8616,1
201810101043_00305.png,97,67.6271,22.7766,1
201810101043_00307.png,71,73.7873,23.9157,1
201810101043_00311.png,56,83.9744,30.3776,1
201810101043_00312.png,50,33.9366,26.706,1
201810101043_00314.png,54,81.1584,29.9319,1
201810101043_00321.png,35,78.7522,27.3584,1
201810101043_00323.png,78,75.4543,24.0143,1
201810101043_00327.png,91,89.1687,34.6817,1
201810101043_00334.png,73,86.0095,33.1336,1
201810101043_00338.png,86,76.5272,22.856,1
201810101043_00352.png,65,83.7844,31.5117,1
201810101043_00354.png,88,56.5277,23.1599,1
201810101043_00356.png,79,86.9237,33.0272,1
201810101043_00359.png,96,66.2721,21.3403,1
201810101043_00363.png,86,87.157,32.815,1
201810101043_00366.png,91,89.3409,39.8095,1
201810101043_00370.png,93,77.5246,24.8047,1
201810101043_00379.png,75,70.5752,23.1013,1
201810101043_00382.png,90,39.5399,27.3495,1
201810101043_00390.png,52,84.5247,31.0518,1
201810101043_00419.png,75,53.0376,22.9798,1
201810101043_00424.png,93,90.5005,41.5981,1
201810101043_00430.png,32,80.8154,27.9034,1
201810101043_00434.png,78,82.6835,30.8686,1
201810101043_00438.png,89,70.3637,22.2485,1
201810101043_00442.png,77,74.3394,22.0026,1
201810101043_00443.png,97,52.0287,35.2486,1
201810101043_00453.png,87,76.1964,23.8055,1
201810101043_00455.png,74,85.802,31.7444,1
201810101043_00457.png,70,75.0768,25.9517,1
201810101043_00461.png,78,36.8265,26.5031,1
201810101043_00466.png,68,79.6803,27.233,1
201810101043_00470.png,95,44.4061,21.6943,1
201810101043_00474.png,80,84.7836,30.3405,1
201810101043_00476.png,80,72.6389,24.43,1
201810101043_00477.png,79,79.0487,25.5446,1
201810101043_00494.png,94,66.0418,20.6692,1
201810101043_00498.png,47,82.0609,29.6203,1
201810101043_00500.png,59,74.8614,25.5021,1
201810101043_00505.png,97,66.0641,22.5265,1
201810101043_00508.png,81,85.2141,32.9263,1
201810101043_00516.png,82,86.4366,32.6412,1
201810101043_00517.png,80,85.8838,32.1277,1
201810101043_00521.png,94,88.6859,35.5188,1
201810101043_00525.png,86,86.2593,33.8596,1
201810101043_00530.png,70,85.294,31.4868,1
201810101043_00534.png,97,46.0619,22.787,1
201810101043_00552.png,93,68.0223,22.2165,1
201810101043_00555.png,86,83.4754,32.156,1
201810101043_00575.png,74,85.6995,29.3007,1
201810101043_00576.png,81,86.7767,33.2284,1
201810101043_00577.png,66,74.1521,36.1015,1
201810101043_00578.png,91,85.0613,48.1748,1
201810101043_00584.png,22,33.8919,24.8107,1
201810101043_00588.png,58,82.1809,26.8799,1
201810101043_00589.png,44,82.2987,27.2936,1
201810101043_00591.png,79,84.8789,29.4525,1
201810101043_00594.png,0,-,-,0
201810101043_00599.png,89,69.6662,21.5382,1
201810101043_00611.png,90,86.7435,34.2794,1
201810101043_00614.png,61,81.9993,30.3964,1
201810101043_00618.png,68,82.6415,30.7052,1
201810101043_00619.png,65,77.6981,26.2496,1
201810101043_00627.png,76,84.8236,29.3432,1
201810101043_00629.png,85,87.3184,34.1004,1
201810101043_00630.png,62,47.0764,22.1331,1
201810101043_00634.png,57,75.5196,27.2168,1
201810101043_00643.png,68,41.6114,24.06,1
201810101043_00645.png,77,68.8286,24.5998,1
201810101043_00651.png,58,43.4331,24.4412,1
201810101043_00652.png,89,85.3868,34.9907,1
201810101043_00654.png,33,80.2782,28.1175,1
201810101043_00661.png,66,83.205,31.2104,1
201810101043_00662.png,97,61.7971,21.5429,1
201810101043_00665.png,96,77.9514,25.0364,1
201810101043_00676.png,94,88.6564,37.4388,1
201810101043_00683.png,88,84.1459,32.8379,1
201810101043_00686.png,78,85.5088,33.2537,1
201810101043_00687.png,96,60.8017,22.5799,1
201810101043_00689.png,86,86.4697,39.052,1
201810101043_00690.png,76,70.952,26.6517,1
201810101043_00698.png,87,90.8667,40.2624,1
201810101043_00709.png,81,87.158,33.0473,1
201810101043_00718.png,87,89.6754,39.4307,1
201810101043_00724.png,80,71.6248,23.6305,1
201810101043_00725.png,93,61.8476,51.0444,2
201810101043_00725.png,34,43.3421,32.9858,2
201810101043_00728.png,88,87.5378,36.665,1
201810101043_00729.png,77,79.2963,30.5295,1
201810101043_00738.png,69,75.1721,23.913,1
201810101043_00740.png,26,33.9654,45.7861,2
201810101043_00740.png,22,29.9718,46.5653,2
201810101043_00749.png,84,56.8991,22.3862,1
201810101043_00758.png,82,71.2855,23.0827,1
201810101043_00763.png,37,77.2621,28.799,1
201810101043_00765.png,27,77.8572,28.8673,1
201810101043_00770.png,59,74.8811,24.0701,1
201810101043_00773.png,45,81.3208,29.6121,1
201810101043_00775.png,70,65.2813,23.4724,1
201810101043_00776.png,69,63.2708,20.9999,1
201810101043_00777.png,69,81.4607,31.2843,1
201810101043_00778.png,98,50.7274,22.4235,1
201810101043_00784.png,93,89.0033,37.3418,1
201810101043_00788.png,81,70.5807,22.7017,1
201810101043_00804.png,83,85.5278,33.2204,1
201810101043_00807.png,79,72.7257,23.7868,1
201810101043_00815.png,21,72.5733,25.0672,1
201810101043_00818.png,82,75.9696,27.164,1
201810101043_00819.png,73,84.8716,31.016,1
201810101043_00832.png,56,80.2383,27.7496,1
201810101043_00841.png,90,86.9699,34.4793,1
201810101043_00854.png,90,86.0806,34.1626,1
201810101043_00855.png,85,78.8316,26.1168,1
201810101043_00860.png,97,50.2453,23.5465,1
201810101043_00864.png,80,83.0475,31.6843,1
201810101043_00884.png,77,85.2774,29.5468,1
201810101043_00918.png,96,46.7827,24.9758,1
201810101043_00919.png,87,90.339,36.9063,1
201810101043_00926.png,74,81.758,32.0576,1
201810101043_00928.png,94,66.2382,24.7063,1
201810101043_00938.png,83,86.0914,39.7009,1
201810101043_00945.png,44,77.3215,29.0466,1
201810101043_00951.png,36,79.1179,29.4094,1
201810101043_00963.png,90,22.7259,37.6919,1
201810101043_00970.png,82,72.972,23.9322,1
201810101043_00974.png,79,86.3723,33.4223,1
201810101043_00976.png,83,73.0418,23.7455,1
201810101043_00982.png,78,85.0751,30.8397,1
201810101043_00998.png,0,-,-,0
201810101043_01004.png,93,89.4209,40.777,1
201810101043_01008.png,79,86.8957,33.61,1
201810101043_01010.png,88,72.9588,25.7157,1
201810101043_01011.png,87,85.6734,33.7917,1
201810101043_01014.png,89,88.2798,35.3205,1
201810101043_01017.png,65,82.1292,30.7081,1
201810101043_01020.png,84,45.6248,23.3871,1
201810101043_01032.png,84,71.8636,20.9594,1
201810101043_01044.png,84,87.7003,34.1596,1
201810101043_01049.png,54,42.3068,23.5313,1
201810101043_01053.png,63,77.5119,26.1537,1
201810101043_01054.png,62,84.3397,30.1632,1
201810101043_01055.png,90,87.8237,35.6403,1
201810101043_01058.png,82,53.9145,19.6103,1
201810101043_01059.png,85,58.306,21.0245,1
201810101043_01060.png,59,79.7809,27.0731,1
201810101043_01063.png,0,-,-,0
201810101043_01068.png,94,66.6161,23.1811,1
201810101043_01071.png,91,89.7616,40.9106,1
201810101043_01072.png,19,26.0085,34.7864,1
201810101043_01080.png,90,90.1959,40.8764,1
201810101043_01088.png,88,75.3963,27.886,1
201810101043_01090.png,55,77.6255,27.8453,1
201810101043_01091.png,84,84.5362,32.5291,1
201810101043_01096.png,86,89.4539,39.0159,1
201810101043_01104.png,77,70.3429,23.5309,1
201810101043_01106.png,88,85.1788,33.45,1
201810101043_01109.png,83,89.8711,39.0472,1
201810101043_01117.png,37,30.8463,29.5158,1
201810101043_01121.png,46,79.3584,29.2447,1
201810101043_01125.png,84,56.0879,22.5038,1
201810101043_01130.png,53,31.2744,25.852,1
201810101043_01131.png,90,88.8867,35.0726,1
201810101043_01133.png,90,56.1079,45.4049,1
201810101043_01140.png,77,85.7461,31.6659,1
201810101043_01141.png,92,78.9359,25.9077,1
201810101043_01143.png,48,70.855,26.221,1
201810101043_01148.png,40,23.8004,30.0839,1
201810101043_01154.png,82,72.2742,24.9176,1
201810101043_01159.png,86,76.6714,24.0823,1
201810101043_01174.png,85,86.0689,33.718,1
201810101043_01187.png,72,29.0485,32.1711,1
201810101043_01190.png,81,40.1758,28.1068,1
201810101043_01211.png,69,40.6961,33.0298,1
201810101043_01218.png,93,85.1772,35.4104,1
201810101043_01229.png,92,38.3423,26.2591,1
201810101043_01230.png,88,88.8937,38.7076,1
201810101043_01232.png,86,73.4147,25.8017,1
201810101043_01233.png,85,28.1354,32.6551,1
201810101043_01234.png,80,72.7881,24.5022,1
201810101043_01238.png,22,29.1243,41.6417,1
201810101043_01251.png,91,88.771,37.3506,1
201810101043_01254.png,77,72.7516,23.5784,1
201810101043_01257.png,85,54.1303,22.2231,1
201810101043_01259.png,60,66.116,44.7891,1
201810101043_01278.png,0,-,-,0
201810101043_01285.png,93,60.0533,20.3902,1
201810101043_01289.png,86,56.826,23.8502,1
201810101043_01290.png,91,85.9768,34.0502,1
201810101043_01304.png,95,66.024,23.0939,1
201810101043_01307.png,63,83.995,31.824,1
201810101043_01308.png,75,84.9103,30.8323,1
201810101043_01320.png,88,82.9379,31.9036,1
201810101043_01326.png,94,68.8505,23.0527,1
201810101043_01335.png,77,86.0313,38.136,1
201810101043_01336.png,0,-,-,0
201810101043_01341.png,83,86.5949,37.5362,1
201810101043_01346.png,95,41.4339,27.5149,1
201810101043_01348.png,85,84.2307,33.03,1
201810101043_01350.png,55,44.5868,25.2514,1
201810101043_01352.png,91,86.6099,34.1007,1
201810101043_01356.png,73,84.3634,32.4304,1
201810101043_01362.png,91,85.1788,35.4349,1
201810101043_01363.png,0,-,-,0
201810101043_01364.png,78,86.0068,37.8014,1
201810101043_01372.png,93,89.4942,41.4654,1
201810101043_01378.png,95,87.9035,40.9306,1
201810101043_01382.png,35,82.342,30.0128,1
201810101043_01384.png,66,33.1956,26.9511,1
201810101043_01393.png,92,89.2782,40.4994,1
201810101043_01397.png,88,85.8259,37.6428,1
201810101043_01398.png,81,74.7684,26.231,1
201810101043_01404.png,51,40.896,48.4979,1
201810101043_01416.png,73,84.838,30.545,1
201810101043_01421.png,88,89.4646,38.8869,1
201810101043_01423.png,80,47.2886,24.8804,1
201810101043_01435.png,55,33.2617,30.1788,1
201810101043_01449.png,93,88.9698,40.774,1
201810101043_01450.png,76,82.7279,31.093,1
201810101043_01452.png,87,84.6322,33.0804,1
201810101043_01453.png,90,40.309,39.9879,1
201810101043_01461.png,52,38.9576,47.4597,1
201810101043_01462.png,89,85.4379,37.9759,1
201810101043_01464.png,70,76.9589,25.4955,1
201810101043_01471.png,73,76.5136,27.0763,1
201810101043_01496.png,90,46.0426,23.8417,1
201810101043_01507.png,77,46.1207,44.6418,1
201810101043_01508.png,65,84.233,31.9018,1
201810101043_01514.png,84,83.463,31.655,1
201810101043_01517.png,92,84.4629,33.4821,1
201810101043_01536.png,49,22.9909,31.5799,1
201810101043_01541.png,70,46.9263,48.1214,1
201810101043_01544.png,88,49.4355,22.7766,1
201810101043_01555.png,68,42.1458,23.9099,1
201810101043_01572.png,84,83.87,32.7452,1
201810101043_01585.png,94,84.1939,33.996,1
201810101043_01598.png,81,85.3621,33.3306,1
201810101043_01601.png,80,84.7383,32.8988,1
201810101043_01602.png,40,30.4039,28.1011,1
201810101043_01617.png,82,85.1918,30.7159,1
201810101043_01619.png,43,29.9419,30.5928,1
201810101043_01623.png,82,38.4089,25.7061,1
201810101043_01633.png,70,25.0612,31.8029,1
201810101043_01634.png,89,88.8842,38.1368,1
201810101043_01645.png,53,81.9425,30.306,1
201810101043_01657.png,83,24.3588,34.6095,1
201810101043_01659.png,72,65.2799,23.7019,1
201810101043_01670.png,0,-,-,0
201810101043_01676.png,46,82.2731,27.0008,1
201810101043_01683.png,75,42.3923,23.3468,1
201810101043_01689.png,86,88.414,38.5941,1
201810101043_01692.png,89,87.8786,38.2003,1
201810101043_01694.png,74,29.5965,25.1096,1
201810101043_01697.png,57,41.7633,44.1738,1
201810101043_01699.png,86,82.3985,31.6199,1
201810101043_01700.png,85,83.9806,32.783,1
201810101043_01701.png,92,45.4717,21.8599,1
201810101043_01702.png,79,83.6152,31.9626,1
201810101043_01708.png,32,80.6901,27.8867,1
201810101043_01709.png,68,83.7882,31.8421,1
201810101043_01710.png,89,54.703,21.9541,1
201810101043_01715.png,80,84.5585,32.6762,1
201810101043_01716.png,87,86.3212,37.3116,1
201810101043_01717.png,84,38.3534,26.7019,1
201810101043_01725.png,95,84.3672,34.6885,1
201810101043_01726.png,84,84.6984,32.939,1
201810101043_01727.png,74,81.6557,30.5028,1
201810101043_01740.png,71,81.6042,30.5055,1
201810101043_01743.png,36,77.6461,28.9946,1
201810101043_01748.png,91,89.3894,39.5613,1
201810101043_01756.png,33,40.2367,32.8679,1
201810101043_01767.png,71,29.9151,46.3581,1
201810101043_01771.png,54,81.5916,29.6831,1
201810101043_01786.png,66,26.3579,33.5427,1
201810101043_01792.png,68,42.0797,33.2207,1
201810101043_01803.png,62,78.287,26.9182,1
201810101043_01809.png,36,21.3688,31.0906,1
201810101043_01812.png,64,26.7639,32.0095,1
201810101043_01825.png,63,61.757,25.003,2
201810101043_01825.png,17,27.9216,37.736,2
201810101043_01826.png,77,81.7458,30.1686,1
201810101043_01841.png,93,85.6683,36.4169,1
201810101043_01845.png,68,55.2447,63.7442,1
201810101043_01846.png,57,35.667,46.3647,1
201810101043_01854.png,16,34.3203,29.8475,1
201810101043_01859.png,62,37.2371,27.1723,2
201810101043_01859.png,17,10.3613,44.5876,2
201810101043_01861.png,16,53.4471,69.9376,1
201810101043_01862.png,52,77.4513,28.1053,1
201810101043_01863.png,83,83.6812,31.8459,1
201810101043_01868.png,72,54.4132,24.8217,1
201810101043_01885.png,0,-,-,0
201810101043_01887.png,35,23.8281,42.1051,1
201810101043_01892.png,94,61.3078,21.6755,1
201810101043_01895.png,94,22.5765,34.7859,1
201810101043_01903.png,0,-,-,0
201810101043_01908.png,0,-,-,0
201810101043_01910.png,96,84.5335,35.4635,1
201810101043_01911.png,30,45.9088,60.5624,3
201810101043_01911.png,18,49.487,62.2389,3
201810101043_01911.png,17,46.4816,56.007,3
201810101043_01914.png,0,-,-,0
201810101043_01925.png,93,84.0685,32.8866,1
201810101043_01932.png,91,86.7593,39.3327,1
201810101043_01939.png,95,84.2596,36.6387,1
201810101043_01946.png,81,73.3186,23.151,1
201810101043_01949.png,60,80.2726,27.691,1
201810101043_01956.png,29,27.3767,30.308,1
201810101043_01958.png,0,-,-,0
201810101043_01962.png,39,51.3265,26.8213,1
201810101043_01972.png,31,79.0847,27.8465,1
201810101043_01977.png,42,28.5409,32.884,1
201810101043_01984.png,83,85.8561,33.5756,1
201810101043_01986.png,88,85.9329,34.1193,1
201810101043_01989.png,67,85.2946,31.5934,1
201810101043_01990.png,87,40.6427,50.5587,1
201810101043_01993.png,0,-,-,0
201810101043_01995.png,57,38.107,27.1198,1
201810101043_01996.png,89,51.4625,23.2617,1
201810101043_01997.png,70,49.1268,66.3343,1
201810101043_02001.png,58,78.8391,30.2545,2
201810101043_02001.png,50,42.0568,37.0514,2
201810101043_02003.png,97,83.8619,36.9555,1
201810101043_02004.png,0,-,-,0
201810101043_02007.png,96,82.4375,34.4578,1
201810101043_02009.png,59,78.5273,30.5637,1
201810101043_02011.png,90,55.1182,64.1351,1
201810101043_02026.png,0,-,-,0
201810101043_02027.png,0,-,-,0
201810101043_02030.png,82,41.6514,25.0904,1
201810101043_02031.png,0,-,-,0
201810101043_02034.png,30,50.1673,68.0395,2
201810101043_02034.png,16,44.0712,27.1649,2
201810101043_02035.png,80,70.0964,25.1303,1
201810101043_02036.png,89,90.5913,40.4221,1
201810101043_02038.png,44,89.5101,42.8157,1
201810101043_02046.png,86,61.2301,20.0707,1
201810101043_02047.png,62,38.4499,27.0383,1
201810101043_02049.png,89,85.8626,36.1012,1
201810101043_02071.png,78,49.2869,64.5497,1
201810101043_02072.png,80,38.8118,47.935,1
201810101043_02073.png,93,89.5793,41.0218,1
201810101043_02074.png,87,87.5152,39.4814,1
201810101043_02076.png,87,42.4041,48.9971,1
201810101043_02081.png,86,88.7592,38.0602,1
201810101043_02088.png,92,84.3258,33.5942,1
201810101043_02098.png,91,88.303,38.1949,1
201810101043_02108.png,87,56.9325,22.4893,1
201810101043_02111.png,89,89.0286,33.792,1
201810101043_02114.png,75,22.3281,35.9977,1
201810101043_02115.png,90,62.4213,21.5713,1
201810101043_02116.png,90,60.1524,20.9864,1
201810101043_02132.png,95,61.5592,20.3485,1
201810101043_02135.png,87,86.5155,35.6159,1
201810101043_02136.png,89,61.1137,20.1377,1
201810101043_02138.png,87,65.9088,22.5002,1
201810101043_02143.png,83,69.9128,22.8471,1
201810101043_02145.png,58,27.2047,41.548,1
201810101043_02147.png,36,25.6431,33.2145,1
201810101043_02151.png,86,56.6466,22.7708,1
201810101043_02153.png,94,86.0637,34.5105,1
201810101043_02160.png,93,86.8871,34.8325,1
201810101043_02172.png,92,85.6244,33.7313,1
201810101043_02173.png,93,89.096,41.563,1
201810101043_02179.png,85,87.4417,39.1645,1
201810101043_02180.png,95,51.2488,22.0384,1
201810101043_02186.png,88,83.0217,39.5456,2
201810101043_02186.png,27,69.6663,69.1564,2
201810101043_02201.png,82,84.6764,32.6754,1
201810101043_02208.png,60,31.3332,26.5222,1
201810101043_02209.png,91,85.4267,37.8319,1
201810101043_02212.png,49,77.3923,27.1727,1
201810101043_02215.png,87,73.5626,24.8079,1
201810101043_02216.png,76,86.1029,32.4957,1
201810101043_02224.png,92,84.1758,32.7167,1
201810101043_02229.png,86,90.4981,42.3138,1
201810101043_02233.png,58,28.7696,41.4865,1
201810101043_02234.png,74,85.6217,31.7186,1
201810101043_02255.png,0,-,-,0
201810101043_02257.png,93,88.4112,41.0167,1
201810101043_02268.png,86,83.3219,32.5551,1
201810101043_02280.png,80,74.7156,38.1339,1
201810101043_02285.png,74,88.7458,43.7307,1
201810101043_02286.png,93,84.9284,34.8455,1
201810101043_02289.png,68,84.3678,31.9148,1
201810101043_02291.png,77,76.4377,27.6105,1
201810101043_02294.png,87,85.6684,37.2076,1
201810101043_02304.png,90,88.6208,39.1564,1
201810101043_02307.png,57,77.3001,25.6336,1
201810101043_02311.png,86,58.8137,22.4964,1
201810101043_02316.png,93,49.9238,24.6816,1
201810101043_02327.png,33,34.5004,28.8624,1
201810101043_02328.png,92,63.0248,24.3653,1
201810101043_02329.png,53,77.7888,27.7015,1
201810101043_02331.png,89,65.2617,25.3465,1
201810101043_02340.png,79,88.1527,42.612,1
201810101043_02342.png,92,66.933,23.4252,1
201810101043_02347.png,91,89.3371,37.9806,1
201810101043_02351.png,93,89.3291,40.9451,1
201810101043_02357.png,44,61.8326,28.979,1
201810101043_02358.png,93,88.6342,39.2712,1
201810101043_02360.png,66,81.7927,29.7423,1
201810101043_02368.png,83,72.1352,25.1241,1
201810101043_02373.png,90,89.0945,38.735,1
201810101043_02375.png,51,51.9902,26.9927,1
201810101043_02378.png,67,83.5351,31.7234,1
201810101043_02382.png,78,54.0375,25.5112,1
201810101043_02384.png,89,72.9233,24.8896,1
201810101043_02389.png,61,77.5071,25.3255,1
201810101043_02397.png,93,60.592,21.8438,1
201810101043_02399.png,94,66.2283,23.2623,1
201810101043_02402.png,47,75.5227,29.0909,1
201810101043_02408.png,90,66.8412,24.2052,1
201810101043_02425.png,0,-,-,0
201810101043_02426.png,92,84.6556,34.7775,1
201810101043_02429.png,0,-,-,0
201810101043_02435.png,72,25.8282,40.1176,1
201810101043_02436.png,81,85.9388,32.467,1
201810101043_02437.png,92,46.1531,62.1863,1
201810101043_02439.png,95,74.5299,44.3993,1
201810101043_02441.png,79,26.8253,33.3632,1
201810101043_02442.png,79,85.673,32.326,1
201810101043_02450.png,61,82.6482,31.1018,1
201810101043_02453.png,83,26.5956,37.2494,1
201810101043_02456.png,0,-,-,0
201810101043_02457.png,90,60.4662,46.1997,1
201810101043_02459.png,82,46.9103,47.95,1
201810101043_02468.png,96,46.6731,54.1368,1
201810101043_02471.png,38,77.5445,28.7711,1
201810101043_02492.png,88,86.873,34.0444,1
201810101043_02493.png,86,72.4126,23.8981,1
201810101043_02496.png,92,89.1213,42.0098,1
201810101043_02497.png,55,6.88144,25.2589,1
201810101043_02500.png,58,65.1761,23.0662,1
201810101043_02508.png,78,86.3745,39.4916,1
201810101043_02510.png,94,89.5022,41.7139,1
201810101043_02517.png,75,79.2207,26.1895,1
201810101043_02523.png,95,87.4359,44.2918,1
201810101043_02530.png,87,71.7739,23.1077,1
201810101043_02539.png,83,89.9826,43.8611,1
201810101043_02540.png,38,79.511,27.9727,1
201810101043_02567.png,39,84.8339,69.5424,1
201810101043_02571.png,77,85.5488,32.9554,1
201810101043_02573.png,90,88.8944,40.1326,1
201810101043_02575.png,45,81.2805,27.8586,1
201810101043_02579.png,86,89.4352,39.5465,1
201810101043_02581.png,72,74.2155,25.1215,1
201810101043_02583.png,76,85.2332,31.0347,1
201810101043_02585.png,80,78.9737,26.9167,1
201810101043_02588.png,65,85.4746,31.9219,1
201810101043_02597.png,33,80.3163,28.0109,1
201810101043_02603.png,67,79.0847,27.3956,1
201810101043_02620.png,51,83.0379,30.4145,1
201810101043_02626.png,37,79.4674,29.1202,1
201810101043_02631.png,87,88.115,34.8825,1
201810101043_02637.png,87,86.9737,33.0132,1
201810101043_02641.png,0,-,-,0
201810101043_02650.png,58,79.538,44.4258,1
201810101043_02651.png,74,85.653,32.1659,1
201810101043_02655.png,56,79.3891,30.1818,1
201810101043_02656.png,87,86.5402,35.6601,1
201810101043_02660.png,96,78.2543,37.0638,1
201810101043_02674.png,51,83.6919,30.3214,1
201810101043_02675.png,73,51.9825,24.406,1
201810101043_02686.png,84,70.9562,22.4416,1
201810101043_02690.png,59,84.2856,30.8601,1
201810101043_02696.png,62,76.4641,23.2906,2
201810101043_02696.png,34,26.4045,32.5139,2
201810101043_02699.png,72,85.3474,32.8668,1
201810101043_02700.png,0,-,-,0
201810101043_02703.png,82,87.9613,34.0482,1
201810101043_02708.png,87,87.0266,34.4167,1
201810101043_02711.png,90,89.1821,37.0651,1
201810101043_02715.png,35,80.0742,28.3533,1
201810101043_02720.png,70,52.1824,24.8811,1
201810101043_02723.png,94,88.7502,41.1084,1
201810101043_02724.png,65,84.8152,32.3161,1
201810101043_02725.png,51,30.886,29.8656,1
201810101043_02741.png,87,87.9828,34.538,1
201810101043_02746.png,81,82.1419,31.8273,1
201810101043_02754.png,0,-,-,0
201810101043_02756.png,91,89.3041,39.1634,1
201810101043_02758.png,85,87.2186,33.9611,1
201810101043_02766.png,90,89.5146,39.5469,1
201810101043_02776.png,60,85.0509,32.5815,2
201810101043_02776.png,31,41.7902,25.1934,2
201810101043_02788.png,88,88.4978,36.2345,1
201810101043_02790.png,68,83.7049,31.7063,1
201810101043_02806.png,90,56.6754,21.9611,1
201810101043_02809.png,66,79.4156,29.914,1
201810101043_02813.png,0,-,-,0
201810101043_02828.png,92,52.2107,22.8258,1
201810101043_02832.png,88,56.8974,23.9535,1
201810101043_02841.png,83,42.8782,22.845,1
201810101043_02845.png,76,90.5793,38.6079,1
201810101043_02847.png,0,-,-,0
201810101043_02857.png,42,34.5345,27.6888,1
201810101043_02862.png,84,89.161,35.1073,1
201810101043_02866.png,49,81.2584,29.7147,1
201810101043_02878.png,85,89.2715,37.4655,1
201810101043_02885.png,78,78.4814,25.7457,1
201810101043_02891.png,84,88.6052,34.1108,1
201810101043_02901.png,62,33.8316,33.5949,1
201810101043_02906.png,45,29.7111,27.8405,1
201810101043_02913.png,52,85.4889,30.3802,2
201810101043_02913.png,52,47.876,26.286,2
201810101043_02922.png,90,89.9194,42.3502,1
201810101043_02925.png,70,55.1479,51.5394,1
201810101043_02926.png,69,60.813,25.1763,1
201810101043_02936.png,92,86.2596,34.1837,1
201810101043_02942.png,81,62.7087,20.2819,1
201810101043_02943.png,0,-,-,0
201810101043_02947.png,88,90.2096,40.0158,1
201810101043_02948.png,80,70.361,37.6303,2
201810101043_02948.png,18,56.1749,47.4391,2
201810101043_02953.png,88,73.0971,23.6263,1
201810101043_02954.png,80,65.6003,21.1308,1
201810101043_02963.png,87,89.2994,38.7621,1
201810101043_02967.png,71,78.3485,26.7633,1
201810101043_02973.png,88,54.5637,21.499,1
201810101043_02976.png,85,88.5307,35.6096,1
201810101043_02977.png,78,44.9451,23.8345,1
201810101043_02980.png,91,53.0802,20.5743,1
201810101043_02985.png,54,83.5709,29.1212,1
201810101043_02988.png,0,-,-,0
201810101043_02993.png,42,77.9788,28.1301,1
201810101043_03000.png,56,84.4422,30.6867,1
201810101043_03006.png,76,37.8833,25.3291,1
201810101043_03007.png,76,86.7814,39.0505,1
201810101043_03010.png,77,90.9963,40.4264,1
201810101043_03011.png,89,88.981,34.7933,1
201810101043_03012.png,85,85.9818,31.2457,1
201810101043_03017.png,91,86.9546,30.7513,1
201810101043_03024.png,83,89.8749,36.1922,1
201810101043_03026.png,80,60.5206,25.1263,1
201810101043_03036.png,0,-,-,0
201810101043_03039.png,97,62.705,21.7533,1
201810101043_03041.png,90,55.6097,20.9618,1
201810101043_03048.png,84,86.9347,33.694,1
201810101043_03058.png,83,88.7292,34.085,1
201810101043_03067.png,87,91.1593,42.0824,1
201810101043_03068.png,79,73.4567,24.1251,1
201810101043_03078.png,93,89.6985,41.1617,1
201810101043_03085.png,49,81.3167,27.6693,1
201810101043_03096.png,50,91.3207,42.5684,1
201810101043_03111.png,91,98.5618,52.6707,1
201810101043_03114.png,90,86.1244,29.8241,1
201810101043_03128.png,88,73.4874,25.8436,1
201810101043_03134.png,86,90.281,43.951,1
201810101043_03137.png,92,47.0465,23.3196,1
201810101043_03151.png,97,45.911,24.4976,1
201810101043_03155.png,65,82.2823,30.0101,1
201810101043_03157.png,78,74.7838,26.1134,1
201810101043_03161.png,60,81.1613,30.6969,1
201810101043_03164.png,98,66.4248,24.1152,1
201810101043_03177.png,93,88.8336,41.0127,1
201810101043_03178.png,88,78.1247,25.1325,1
201810101043_03179.png,67,79.7228,26.6299,1
201810101043_03195.png,93,88.1695,40.1823,1
201810101043_03201.png,85,88.7798,38.4288,1
201810101043_03203.png,98,66.9673,22.7559,1
201810101043_03206.png,65,47.2744,23.4302,1
201810101043_03208.png,87,74.0213,37.5636,1
201810101043_03216.png,82,86.0663,33.4934,1
201810101043_03222.png,89,82.9745,31.4088,1
201810101043_03228.png,92,88.9872,42.1537,1
201810101043_03230.png,74,73.6672,24.3334,1
201810101043_03234.png,79,86.2376,32.2474,1
201810101043_03238.png,77,79.4447,26.6311,1
201810101043_03242.png,38,37.8902,50.0069,1
201810101043_03245.png,0,-,-,0
201810101043_03257.png,64,77.406,27.712,1
201810101043_03281.png,93,86.5363,40.6703,1
201810101043_03291.png,32,27.9897,45.5033,1
201810101043_03302.png,0,-,-,0
201810101043_03303.png,91,84.3359,32.9957,1
201810101043_03310.png,87,85.722,33.4998,1
201810101043_03324.png,0,-,-,0
201810101043_03327.png,76,70.9426,67.5968,1
201810101043_03329.png,78,82.4138,68.7572,1
201810101043_03334.png,86,58.0677,70.2202,2
201810101043_03334.png,27,8.38469,30.3738,2
201810101043_03353.png,0,-,-,0
201810101043_03366.png,94,46.4858,63.5024,1
201810101043_03370.png,49,44.1914,60.0006,1
201810101043_03375.png,85,85.76,33.4076,1
201810101043_03382.png,85,88.8622,38.6863,1
201810101043_03385.png,19,48.5828,30.6754,1
201810101043_03387.png,68,41.3699,54.0268,1
201810101043_03390.png,79,86.8694,33.4847,1
201810101043_03392.png,92,55.2773,69.4677,1
201810101043_03396.png,0,-,-,0
201810101043_03398.png,82,85.5254,38.1285,1
201810101043_03402.png,86,90.7243,42.2506,1
201810101043_03411.png,0,-,-,0
201810101043_03413.png,93,87.6167,40.905,1
201810101043_03420.png,55,84.9269,31.5411,1
201810101043_03424.png,0,-,-,0
201810101043_03431.png,0,-,-,0
201810101043_03435.png,30,41.5123,33.7352,2
201810101043_03435.png,22,25.2512,42.1384,2
201810101043_03440.png,87,70.6106,59.1577,1
201810101043_03447.png,28,33.6043,39.2982,1
201810101043_03450.png,96,83.7163,34.1714,1
201810101043_03466.png,95,86.3853,35.4757,1
201810101043_03484.png,67,24.3091,41.0749,1
201810101043_03488.png,0,-,-,0
201810101043_03504.png,90,36.4992,49.6657,1
201810101043_03505.png,91,88.5501,39.3101,1
201810101043_03514.png,82,57.9199,23.1423,1
201810101043_03518.png,69,40.2238,52.7899,1
201810101043_03519.png,44,28.4428,44.5959,1
201810101043_03521.png,92,88.7857,46.1877,1
201810101043_03523.png,91,90.5933,40.8757,1
201810101043_03527.png,86,87.7555,37.5251,1
201810101043_03533.png,89,46.4726,62.3113,1
201810101043_03536.png,19,70.1723,29.7654,1
201810101043_03540.png,51,138.862,52.0046,1
201810101043_03553.png,88,90.6129,40.6887,1
201810101043_03556.png,83,85.1626,33.0112,1
201810101043_03559.png,86,88.1166,43.9639,1
201810101043_03566.png,52,28.2088,44.311,1
201810101043_03573.png,89,88.6546,39.9333,1
201810101043_03578.png,83,54.0934,29.7292,1
201810101043_03589.png,58,84.0429,30.3055,1
201810101043_03591.png,25,15.0441,29.6277,1
201810101043_03596.png,60,82.2876,30.3221,1
201810101043_03601.png,84,49.5492,48.8945,1
201810101043_03607.png,94,86.462,44.7521,1
201810101043_03626.png,93,46.074,52.7594,1
201810101043_03628.png,67,53.2595,54.8719,1
201810101043_03637.png,55,84.9127,31.3573,1
201810101043_03639.png,92,87.1852,43.9764,1
201810101043_03640.png,67,89.5513,43.657,1
201810101043_03642.png,74,43.1778,48.4058,1
201810101043_03644.png,88,28.4899,32.6128,1
201810101043_03646.png,68,21.6512,32.4177,1
201810101043_03647.png,53,61.1534,69.2115,1
201810101043_03658.png,69,35.0923,27.5132,1
201810101043_03672.png,93,52.8923,19.9685,1
201810101043_03674.png,92,90.4805,41.3174,1
201810101043_03676.png,0,-,-,0
201810101043_03681.png,80,91.0116,40.5306,1
201810101043_03682.png,61,27.2756,37.3502,1
201810101043_03683.png,98,61.8618,21.8992,1
201810101043_03689.png,71,91.1699,40.3416,1
201810101043_03713.png,62,85.7904,39.6124,2
201810101043_03713.png,35,56.1387,62.6471,2
201810101043_03714.png,81,89.1586,39.2468,1
201810101043_03715.png,84,89.6882,37.2881,1
201810101043_03718.png,57,89.3128,42.5155,1
201810101043_03733.png,0,-,-,0
201810101043_03734.png,90,89.2754,40.1712,1
201810101043_03735.png,88,73.4634,22.8999,1
201810101043_03739.png,74,65.3605,23.2726,1
201810101043_03749.png,91,90.5649,41.4008,1
201810101043_03756.png,93,66.6926,24.1426,1
201810101043_03761.png,0,-,-,0
201810101043_03765.png,0,-,-,0
201810101043_03768.png,78,83.3725,31.5408,1
201810101043_03782.png,91,87.7138,40.15,1
201810101043_03784.png,91,89.1241,41.9348,1
201810101043_03787.png,0,-,-,0
201810101043_03793.png,0,-,-,0
201810101043_03795.png,92,72.6878,22.9826,1
201810101043_03800.png,72,90.1315,38.7731,1
201810101043_03807.png,85,91.2349,42.3621,1
201810101043_03810.png,81,23.9087,38.4566,1
201810101043_03817.png,82,91.1238,42.2814,1
201810101043_03824.png,95,83.9848,37.0328,1
201810101043_03825.png,93,68.1733,23.7779,1
201810101043_03831.png,82,70.7877,23.7621,1
201810101043_03833.png,53,89.5275,43.4073,1
201810101043_03834.png,91,89.3644,42.2436,1
201810101043_03837.png,87,87.8267,35.1795,1
201810101043_03839.png,89,85.0189,34.3808,1
201810101043_03843.png,70,74.9977,23.8515,1
201810101043_03847.png,88,89.0565,43.9146,1
201810101043_03848.png,35,51.8143,26.9489,1
201810101043_03850.png,85,86.1234,39.7447,1
201810101043_03852.png,86,87.7399,38.7604,1
201810101043_03860.png,81,50.4334,24.503,1
201810101043_03861.png,0,-,-,0
201810101043_03875.png,88,88.7291,39.3595,1
201810101043_03880.png,63,68.0799,21.3339,1
201810101043_03887.png,87,69.9743,20.514,1
201810101043_03891.png,96,82.3015,45.9191,1
201810101043_03894.png,54,80.5275,29.9041,1
201810101043_03900.png,85,89.5719,39.2516,1
201810101043_03909.png,51,63.462,22.088,1
201810101043_03916.png,74,56.7745,24.6254,1
201810101043_03918.png,90,86.0114,37.1169,1
201810101043_03932.png,92,90.7145,41.3266,1
201810101043_03938.png,82,85.753,32.9799,1
201810101043_03941.png,74,78.9244,25.8967,1
201810101043_03944.png,51,79.2695,26.9212,1
201810101043_03948.png,31,78.7624,27.2604,1
201810101043_03953.png,83,67.0042,21.3121,1
201810101043_03956.png,35,83.2051,28.9191,1
201810101043_03963.png,49,35.5147,31.4181,1
201810101043_03966.png,41,111.003,54.5574,1
201810101043_03971.png,70,89.4834,42.581,1
201810101043_03972.png,68,90.8278,43.5659,1
201810101043_03986.png,57,89.116,43.6457,1
201810101043_03989.png,74,77.311,24.7675,1
201810101043_03998.png,67,84.9339,31.025,1
201810101043_04003.png,60,82.0727,30.116,1
201810101043_04004.png,97,83.8515,49.4885,1
201810101043_04005.png,85,85.7305,31.1538,1
201810101043_04006.png,87,83.1474,31.7485,1
201810101043_04010.png,76,92.1724,39.0295,1
201810101043_04015.png,60,84.7745,46.2164,1
201810101043_04016.png,49,82.2768,26.9738,1
201810101043_04019.png,90,83.903,39.0087,1
201810101043_04021.png,24,78.7788,29.7174,1
201810101043_04025.png,50,82.0536,30.0468,1
201810101043_04029.png,88,86.4994,40.6473,1
201810101043_04031.png,79,74.4979,23.1797,1
201810101043_04033.png,89,88.6797,34.4524,1
201810101043_04038.png,91,60.4756,21.232,1
201810101043_04042.png,94,82.2432,34.5586,1
201810101043_04044.png,81,84.4221,41.9205,1
201810101043_04051.png,84,60.8408,20.3567,1
201810101043_04052.png,76,21.4202,37.9759,1
201810101043_04060.png,0,-,-,0
201810101043_04063.png,40,26.3846,29.8394,1
201810101043_04067.png,19,29.4823,42.4356,2
201810101043_04067.png,15,34.2894,45.3067,2
201810101043_04068.png,66,22.6681,40.317,1
201810101043_04070.png,91,53.5847,22.0368,1
201810101043_04073.png,80,38.364,50.1516,1
201810101043_04076.png,70,49.2479,67.3246,1
201810101043_04082.png,16,52.1165,67.6401,1
201810101043_04084.png,65,38.5018,56.5522,2
201810101043_04084.png,47,92.1246,43.4225,2
201810101043_04091.png,86,88.5899,38.3596,1
201810101043_04104.png,88,61.1586,20.0233,1
201810101043_04113.png,0,-,-,0
201810101043_04127.png,63,92.1381,42.5685,1
201810101043_04131.png,92,40.0952,26.0976,1
201810101043_04132.png,87,88.6535,37.1008,1
201810101043_04138.png,27,43.0434,51.7164,1
201810101043_04139.png,37,24.5701,43.8447,1
201810101043_04142.png,0,-,-,0
201810101043_04144.png,46,21.9764,41.1419,1
201810101043_04145.png,86,41.7982,51.5542,1
201810101043_04154.png,54,28.9357,32.623,1
201810101043_04161.png,71,23.2937,38.9027,1
201810101043_04165.png,84,57.82,62.842,1
201810101043_04169.png,81,76.2713,48.1225,1
201810101043_04174.png,84,65.6868,26.8262,2
201810101043_04174.png,41,89.4761,40.7654,2
201810101043_04175.png,73,86.3953,32.5258,1
201810101043_04177.png,15,38.1636,47.3245,1
201810101043_04186.png,50,44.7521,31.6512,1
201810101043_04188.png,56,92.0299,43.3954,1
201810101043_04189.png,72,83.7011,31.5268,1
201810101043_04196.png,84,88.5541,38.6515,1
201810101043_04197.png,31,38.4227,52.1185,1
201810101043_04199.png,87,90.5097,44.0257,1
201810101043_04210.png,61,83.7765,29.5384,1
201810101043_04214.png,84,37.8071,49.0979,1
201810101043_04217.png,86,91.671,41.9795,1
201810101043_04232.png,18,41.8096,49.2373,1
201810101043_04237.png,91,46.4966,30.9397,1
201810101043_04241.png,82,27.6161,32.8923,1
201810101043_04246.png,95,66.0493,23.8528,1
201810101043_04254.png,55,24.7462,31.3527,1
201810101043_04257.png,0,-,-,0
201810101043_04262.png,68,36.8451,25.8343,1
201810101043_04264.png,89,24.5225,36.2678,1
201810101043_04271.png,86,89.3791,39.9629,1
201810101043_04276.png,91,56.884,21.9886,1
201810101043_04286.png,89,50.9938,23.3236,1
201810101043_04288.png,82,90.9483,40.7164,1
201810101043_04292.png,67,90.5469,46.1135,1
201810101043_04293.png,96,45.6164,23.0485,1
201810101043_04302.png,81,89.3012,36.2437,1
201810101043_04307.png,0,-,-,0
201810101043_04308.png,83,88.6063,37.5685,1
201810101043_04312.png,93,88.1789,39.8398,1
201810101043_04313.png,87,85.4796,33.5421,1
201810101043_04317.png,88,87.6602,34.9136,1
201810101043_04319.png,0,-,-,0
201810101043_04335.png,28,30.9242,29.6884,1
201810101043_04346.png,87,73.5418,23.3278,1
201810101043_04347.png,89,88.7566,36.2388,1
201810101043_04348.png,91,43.5758,21.026,1
201810101043_04354.png,91,77.8432,23.6393,1
201810101043_04357.png,91,68.9945,20.8134,1
201810101043_04366.png,43,81.5339,41.775,1
201810101043_04372.png,83,78.6066,26.2102,1
201810101043_04373.png,68,74.1083,24.8218,1
201810101043_04378.png,79,90.1133,43.7709,1
201810101043_04379.png,76,73.4575,25.1,1
201810101043_04391.png,96,83.8836,48.7064,1
201810101043_04398.png,90,81.6252,45.7692,1
201810101043_04399.png,84,78.6836,25.2973,1
201810101043_04400.png,78,49.248,30.2634,1
201810101043_04404.png,80,87.0536,46.571,1
201810101043_04405.png,84,87.6404,33.1251,1
201810101043_04407.png,96,57.433,55.5603,1
201810101043_04408.png,84,88.473,33.6705,1
201810101043_04412.png,86,88.8138,39.1635,1
201810101043_04418.png,87,87.3182,33.463,1
201810101043_04419.png,47,81.0332,27.687,2
201810101043_04419.png,15,80.3246,24.9417,2
201810101043_04425.png,22,34.0006,27.5154,1
201810101043_04427.png,66,40.0804,26.3768,1
201810101043_04428.png,71,26.7395,38.2088,1
201810101043_04442.png,67,56.5238,25.1396,1
201810101043_04462.png,86,85.6562,34.0085,1
201810101043_04464.png,77,41.1292,39.6522,1
201810101043_04467.png,42,50.0721,24.612,1
201810101043_04472.png,72,90.5902,39.4492,1
201810101043_04479.png,73,85.7547,32.7414,1
201810101043_04483.png,51,37.8001,27.5607,1
201810101043_04488.png,87,87.6968,36.2192,1
201810101043_04491.png,60,87.4873,43.5667,1
201810101043_04496.png,49,92.1112,42.5698,1
201810101043_04497.png,82,54.4629,62.2465,1
201810101043_04503.png,52,91.0127,38.7556,2
201810101043_04503.png,40,119.404,56.5869,2
201810101043_04504.png,38,33.445,26.858,1
201810101043_04510.png,92,86.6887,36.0069,1
201810101043_04520.png,91,91.1284,41.4225,1
201810101043_04521.png,73,90.7871,39.9256,1
201810101043_04524.png,70,86.4635,32.9538,1
201810101043_04536.png,67,91.6385,38.8012,1
201810101043_04541.png,93,91.6814,36.6584,1
201810101043_04544.png,89,73.1516,22.3245,1
201810101043_04553.png,91,62.3132,20.0603,1
201810101043_04556.png,68,26.2133,30.4053,1
201810101043_04565.png,82,58.0449,22.3851,1
201810101043_04567.png,71,60.6296,23.2536,2
201810101043_04567.png,45,92.1303,42.2278,2
201810101043_04568.png,85,89.4797,39.3943,1
201810101043_04570.png,71,78.2279,25.9154,1
201810101043_04573.png,85,56.6606,20.1638,1
201810101043_04577.png,95,65.8588,22.2164,1
201810101043_04579.png,76,87.515,33.2701,1
201810101043_04582.png,74,79.2833,26.6829,1
201810101043_04583.png,81,84.4277,29.5682,1
201810101043_04589.png,96,93.1541,47.8686,1
201810101043_04596.png,43,88.9892,39.9572,1
201810101043_04598.png,84,78.5012,26.1886,1
201810101043_04600.png,85,88.9604,33.9988,1
201810101043_04606.png,74,90.9197,39.944,1
201810101043_04609.png,85,73.7955,24.0637,1
201810101043_04614.png,80,74.8815,23.0529,1
201810101043_04615.png,88,72.459,20.6044,1
201810101043_04618.png,71,67.5574,22.7089,1
201810101043_04627.png,59,76.8905,25.3314,1
201810101043_04632.png,51,77.979,23.3457,1
201810101043_04639.png,80,89.332,36.3413,1
201810101043_04640.png,85,84.7655,29.5992,1
201810101043_04641.png,0,-,-,0
201810101043_04668.png,95,78.0975,24.6201,1
201810101043_04673.png,71,90.1174,39.0504,1
201810101043_04683.png,66,83.9063,29.2668,1
201810101043_04687.png,91,72.0024,23.3099,1
201810101043_04702.png,88,90.2606,39.8803,1
201810101043_04707.png,63,81.7269,29.8935,1
201810101043_04708.png,94,39.3811,30.9802,1
201810101043_04711.png,88,90.5559,40.8109,1
201810101043_04712.png,39,79.6832,27.5491,1
201810101043_04713.png,93,76.9244,38.6753,1
201810101043_04715.png,91,89.5752,40.4307,1
201810101043_04717.png,59,91.8693,43.5158,1
201810101043_04721.png,77,89.1951,38.113,1
201810101043_04723.png,79,81.3559,26.8392,1
201810101043_04737.png,89,76.3946,22.3752,1
201810101043_04743.png,83,86.7965,32.517,1
201810101043_04746.png,82,79.1685,25.6745,1
201810101043_04748.png,59,92.342,41.3099,1
201810101043_04750.png,87,88.7582,39.234,1
201810101043_04753.png,72,85.1707,31.0908,1
201810101043_04756.png,95,50.6047,22.1664,1
201810101043_04761.png,82,90.101,39.3012,1
201810101043_04763.png,0,-,-,0
201810101043_04774.png,79,38.7927,34.9972,1
201810101043_04775.png,85,87.4125,32.4487,1
201810101043_04780.png,85,86.9273,32.0537,1
201810101043_04782.png,81,73.4522,24.2558,1
201810101043_04787.png,86,71.2371,22.9242,1
201810101043_04792.png,64,43.5932,25.6099,1
201810101043_04803.png,77,73.0173,25.0046,1
201810101043_04812.png,94,67.9668,22.4038,1
201810101043_04814.png,66,27.1601,30.0737,1
201810101043_04815.png,84,37.1304,27.4839,1
201810101043_04819.png,39,44.7216,27.0924,1
201810101043_04823.png,81,66.4105,19.6244,1
201810101043_04828.png,87,87.5197,36.7013,1
201810101043_04830.png,90,89.0591,38.0511,1
201810101043_04832.png,80,85.5942,31.3477,1
201810101043_04837.png,89,88.9049,44.0699,1
201810101043_04854.png,85,66.3285,22.4202,1
201810101043_04855.png,88,86.8872,38.8697,1
201810101043_04859.png,86,86.3038,33.8597,1
201810101043_04861.png,85,62.2694,21.5927,1
201810101043_04880.png,71,75.3503,23.4057,1
201810101043_04885.png,53,81.5318,25.9642,1
201810101043_04887.png,86,85.347,30.7838,1
201810101043_04895.png,64,82.3876,26.3477,1
201810101043_04897.png,69,77.5209,24.0598,1
201810101043_04902.png,93,78.1727,23.9394,1
201810101043_04907.png,75,91.3467,40.3771,1
201810101043_04913.png,86,91.0536,36.4571,1
201810101043_04917.png,87,91.6177,38.0619,1
201810101043_04918.png,81,86.7746,34.1201,1
201810101043_04922.png,98,67.0308,23.7647,1
201810101043_04932.png,42,77.8254,22.7481,1
201810101043_04938.png,80,90.6048,39.4304,1
201810101043_04947.png,85,82.027,30.9475,1
201810101043_04957.png,77,84.4062,29.9394,1
201810101043_04958.png,71,46.8474,51.3471,1
201810101043_04979.png,86,88.1491,35.4682,1
201810101043_04980.png,71,87.8022,46.5412,1
201810101043_04985.png,93,84.188,47.7232,1
201810101043_04998.png,96,83.0201,48.9338,1
201810101043_05000.png,58,81.2642,27.0749,1
201810101043_05005.png,92,87.304,47.4097,1
201810101043_05019.png,94,86.4507,50.1036,1
201810101043_05020.png,91,90.6142,44.571,1
201810101043_05024.png,77,87.6064,46.7993,1
201810101043_05026.png,77,86.29,33.178,1
201810101043_05031.png,69,46.7541,24.6278,1
201810101043_05034.png,91,90.5169,34.593,1
201810101043_05039.png,81,90.3351,37.8193,1
201810101043_05041.png,88,90.4073,43.9003,1
201810101043_05046.png,88,91.3839,37.6356,1
201810101043_05047.png,65,85.5892,32.004,1
201810101043_05054.png,0,-,-,0
201810101043_05056.png,90,39.1937,50.021,1
201810101043_05057.png,16,35.2697,47.6357,1
201810101043_05060.png,0,-,-,0
201810101043_05061.png,48,28.0696,27.1234,1
201810101043_05073.png,90,90.3441,45.1019,1
201810101043_05076.png,15,51.9447,66.0923,1
201810101043_05082.png,41,34.7872,29.1299,1
201810101043_05086.png,89,88.0774,35.1985,1
201810101043_05092.png,53,56.4926,25.2451,3
201810101043_05092.png,19,44.9705,56.6199,3
201810101043_05092.png,17,44.2497,60.4103,3
201810101043_05096.png,80,72.9453,24.5409,1
201810101043_05098.png,0,-,-,0
201810101043_05104.png,65,91.5113,40.5149,1
201810101043_05106.png,94,91.7992,37.0343,1
201810101043_05108.png,32,78.9351,27.7774,1
201810101043_05110.png,84,65.5366,22.7496,1
201810101043_05126.png,73,92.5405,45.7594,1
201810101043_05130.png,79,92.1698,42.2997,1
201810101043_05136.png,89,53.6631,22.5309,1
201810101043_05141.png,81,86.2917,32.381,1
201810101043_05144.png,84,72.3856,22.5869,1
201810101043_05145.png,97,45.6827,23.322,1
201810101043_05147.png,84,92.0104,44.1119,1
201810101043_05148.png,94,52.8308,20.8243,1
201810101043_05152.png,0,-,-,0
201810101043_05153.png,71,92.4884,44.2464,1
201810101043_05166.png,55,43.4534,54.8196,1
201810101043_05195.png,93,65.9435,21.274,1
201810101043_05199.png,62,47.3558,21.9013,1
201810101043_05200.png,93,88.8487,41.3561,1
201810101043_05215.png,89,86.0908,30.8917,1
201810101043_05219.png,93,88.3837,41.2367,1
201810101043_05220.png,93,65.8756,22.2404,1
201810101043_05224.png,75,87.4172,46.7427,1
201810101043_05228.png,80,44.8305,24.4137,1
201810101043_05231.png,77,89.9165,38.8923,1
201810101043_05236.png,78,63.0884,20.8114,1
201810101043_05245.png,88,90.9573,41.1229,1
201810101043_05251.png,83,88.9478,39.3134,1
201810101043_05256.png,90,87.4878,30.2934,1
201810101043_05262.png,73,73.0474,23.5879,1
201810101043_05267.png,95,82.8329,46.9597,1
201810101043_05269.png,91,86.8695,27.9243,1
201810101043_05271.png,61,55.8023,42.2645,1
201810101043_05280.png,88,81.5374,45.6555,1
201810101043_05282.png,0,-,-,0
201810101043_05287.png,47,93.0997,42.4187,1
201810101043_05291.png,51,84.677,29.2394,1
201810101043_05294.png,50,83.4105,27.6488,1
201810101043_05295.png,65,81.2498,40.7621,1
201810101043_05306.png,94,81.9937,45.2626,1
201810101043_05315.png,50,90.5757,42.6793,1
201810101043_05328.png,59,24.333,36.8129,1
201810101043_05330.png,0,-,-,0
201810101043_05334.png,92,39.7159,23.4789,1
201810101043_05343.png,33,21.8579,32.6291,1
201810101043_05347.png,85,57.8546,21.3718,1
201810101043_05349.png,30,53.436,67.0064,1
201810101043_05356.png,43,79.216,30.3563,2
201810101043_05356.png,16,47.0787,32.1385,2
201810101043_05357.png,0,-,-,0
201810101043_05361.png,91,91.5483,35.6981,1
201810101043_05366.png,86,52.4125,23.6915,1
201810101043_05371.png,16,36.3374,25.6868,1
201810101043_05372.png,0,-,-,0
201810101043_05379.png,94,52.9251,20.8967,1
201810101043_05385.png,86,87.936,36.1312,1
201810101043_05391.png,79,23.8535,38.7233,1
201810101043_05394.png,82,90.0757,34.7811,1
201810101043_05395.png,87,89.5215,32.8344,1
201810101043_05411.png,92,90.2201,44.0387,1
201810101043_05420.png,0,-,-,0
201810101043_05425.png,0,-,-,0
201810101043_05426.png,0,-,-,0
201810101043_05432.png,78,45.4539,24.6877,1
201810101043_05434.png,0,-,-,0
201810101043_05455.png,96,66.5134,21.2445,1
201810101043_05458.png,77,87.0943,38.4061,1
201810101043_05464.png,92,88.7942,44.6777,1
201810101043_05468.png,43,38.4796,26.0204,1
201810101043_05475.png,0,-,-,0
201810101043_05478.png,97,46.5972,53.3186,1
201810101043_05481.png,94,91.3117,50.2307,1
201810101043_05491.png,88,73.057,19.6851,1
201810101043_05496.png,94,53.1283,21.5951,1
201810101043_05503.png,97,93.8154,47.5944,1
201810101043_05512.png,93,84.9894,48.1456,1
201810101043_05513.png,88,89.4136,33.5056,1
201810101043_05519.png,90,85.6404,47.8287,1
201810101043_05521.png,36,83.4223,29.2382,1
201810101043_05528.png,69,58.6648,20.4091,1
201810101043_05529.png,80,91.7006,38.5578,1
201810101043_05532.png,87,91.0726,40.9708,1
201810101043_05535.png,46,81.3674,27.0368,3
201810101043_05535.png,29,46.2823,32.5889,3
201810101043_05535.png,25,80.2394,26.5731,3
201810101043_05537.png,86,88.0042,50.157,1
201810101043_05546.png,62,91.1227,39.9125,1
201810101043_05548.png,92,86.5857,30.9398,1
201810101043_05560.png,68,53.2734,37.3104,2
201810101043_05560.png,63,83.051,45.8861,2
201810101043_05561.png,65,92.7175,41.6866,1
201810101043_05565.png,95,85.2955,49.9556,1
201810101043_05568.png,91,88.1457,30.0666,1
201810101043_05569.png,76,86.5079,32.7285,1
201810101043_05570.png,81,90.3264,33.119,1
201810101043_05576.png,66,83.5757,27.8612,1
201810101043_05580.png,90,84.8165,47.6448,1
201810101043_05586.png,94,88.8985,45.2054,1
201810101043_05587.png,80,89.6588,51.848,1
201810101043_05589.png,86,83.9759,46.3441,1
201810101043_05594.png,85,83.5054,37.5155,3
201810101043_05594.png,43,47.375,27.2168,3
201810101043_05594.png,16,49.9735,29.5442,3
201810101043_05595.png,80,90.5585,35.0425,1
201810101043_05596.png,32,87.3107,32.9571,2
201810101043_05596.png,27,55.2077,60.6224,2
201810101043_05600.png,0,-,-,0
201810101043_05610.png,91,59.052,21.0258,1
201810101043_05621.png,86,51.1529,23.5934,1
201810101043_05630.png,61,81.767,26.5519,1
201810101043_05634.png,72,47.0002,22.6298,1
201810101043_05637.png,0,-,-,0
201810101043_05639.png,80,55.7539,19.1091,1
201810101043_05642.png,67,76.0175,22.2022,1
201810101043_05651.png,0,-,-,0
201810101043_05658.png,0,-,-,0
201810101043_05665.png,83,68.4302,21.4872,1
201810101043_05669.png,32,63.3862,21.9911,1
201810101043_05672.png,94,72.0658,26.575,1
201810101043_05683.png,0,-,-,0
201810101043_05687.png,0,-,-,0
201810101043_05691.png,69,90.0182,46.2625,1
201810101043_05696.png,28,29.4208,27.4912,1
201810101043_05698.png,74,89.9254,42.5818,1
201810101043_05701.png,77,67.212,22.4579,1
201810101043_05704.png,20,23.1647,33.1498,1
201810101043_05705.png,0,-,-,0
201810101043_05717.png,87,59.8788,20.0687,1
201810101043_05719.png,77,89.3489,37.8904,1
201810101043_05723.png,41,91.7997,42.689,1
201810101043_05726.png,68,83.8572,29.4658,1
201810101043_05731.png,43,33.2833,27.198,1
201810101043_05733.png,84,85.9066,33.6017,1
201810101043_05734.png,81,58.4001,21.0046,1
201810101043_05743.png,85,91.6505,43.6475,1
201810101043_05752.png,86,93.5946,45.1909,1
201810101043_05762.png,96,66.7721,20.3756,1
201810101043_05764.png,17,21.2173,38.1099,1
201810101043_05770.png,93,90.8549,48.1742,1
201810101043_05774.png,86,78.8941,22.0084,1
201810101043_05789.png,90,91.5078,47.604,1
201810101043_05792.png,62,90.826,43.5256,1
201810101043_05797.png,89,89.198,33.4999,1
201810101043_05800.png,62,81.3268,27.5622,1
201810101043_05809.png,92,86.9513,44.5756,1
201810101043_05817.png,91,91.2808,44.0575,1
201810101043_05827.png,83,88.5945,34.176,1
201810101043_05831.png,85,89.744,32.2449,1
201810101043_05832.png,91,83.1672,46.0464,1
201810101043_05838.png,90,81.8702,46.8434,1
201810101043_05840.png,88,86.1907,30.3586,1
201810101043_05842.png,75,90.0307,46.8341,1
201810101043_05844.png,95,83.3746,48.5651,1
201810101043_05850.png,94,88.7103,44.7976,1
201810101043_05851.png,90,87.6097,49.338,1
201810101043_05854.png,78,85.7174,45.5329,1
201810101043_05859.png,97,83.6596,49.2809,1
201810101043_05864.png,83,88.4505,34.7383,1
201810101043_05870.png,93,87.2701,30.8596,1
201810101043_05873.png,63,25.1067,30.2813,1
201810101043_05882.png,30,24.8907,45.1679,1
201810101043_05886.png,44,81.6848,29.4701,1
201810101043_05889.png,0,-,-,0
201810101043_05893.png,53,22.4658,34.0315,1
201810101043_05899.png,90,87,34.0086,1
201810101043_05916.png,90,76.3434,21.9578,1
201810101043_05921.png,85,89.6277,34.1801,1
201810101043_05930.png,56,22.5858,44.3628,1
201810101043_05947.png,84,54.3479,23.3742,1
201810101043_05950.png,60,81.177,25.9571,1
201810101043_05951.png,85,57.6727,20.2786,1
201810101043_05960.png,76,90.7095,38.3581,1
201810101043_05964.png,72,27.6293,32.3859,1
201810101043_05966.png,80,93.1322,39.479,1
201810101043_05968.png,78,85.3674,29.7859,1
201810101043_05970.png,55,95.1954,41.9251,1
201810101043_05976.png,91,91.1946,44.3057,1
201810101043_06012.png,66,89.6344,43.5521,1
201810101043_06014.png,82,24.4267,30.5689,1
201810101043_06016.png,96,91.5696,49.5651,1
201810101043_06022.png,84,87.9426,33.6743,1
201810101043_06033.png,76,92.6592,43.5436,1
201810101043_06042.png,92,91.4025,44.0804,1
201810101043_06063.png,88,49.5392,52.1676,1
201810101043_06064.png,46,88.2434,43.4964,1
201810101043_06068.png,71,60.3727,24.9353,1
201810101043_06089.png,88,59.311,55.4253,1
201810101043_06091.png,73,79.3332,23.6488,1
201810101043_06094.png,88,81.5511,25.1421,1
201810101043_06101.png,87,76.0175,23.0911,1
201810101043_06102.png,78,86.2898,29.3862,1
201810101043_06107.png,31,82.1836,45.2275,1
201810101043_06108.png,77,87.9647,46.5167,1
201810101043_06116.png,87,91.0332,34.3645,1
201810101043_06118.png,69,56.5791,23.1482,1
201810101043_06120.png,91,86.6811,40.7367,1
201810101043_06125.png,95,77.0243,22.5361,1
201810101043_06135.png,79,67.0163,18.6576,1
201810101043_06138.png,83,73.9,21.4334,1
201810101043_06140.png,65,90.9591,32.7017,1
201810101043_06149.png,91,87.9404,32.29,1
201810101043_06162.png,92,93.0607,38.7524,1
201810101043_06175.png,0,-,-,0
201810101043_06176.png,0,-,-,0
201810101043_06182.png,90,91.4104,37.2065,1
201810101043_06199.png,69,78.9303,50.1968,1
201810101043_06204.png,97,62.0697,22.5566,1
201810101043_06206.png,80,90.0968,36.934,1
201810101043_06221.png,68,92.0628,44.8923,1
201810101043_06232.png,83,91.0076,40.7606,1
201810101043_06247.png,78,92.6102,43.9014,1
201810101043_06251.png,80,92.0479,38.813,1
201810101043_06261.png,90,94.511,44.8783,1
201810101043_06266.png,67,81.1045,25.8078,1
201810101043_06270.png,86,72.7284,23.8951,1
201810101043_06286.png,84,73.6811,28.0729,1
201810101043_06288.png,0,-,-,0
201810101043_06291.png,75,84.1888,29.4931,1
201810101043_06300.png,81,90.8925,43.6426,1
201810101043_06312.png,85,88.2363,46.1484,1
201810101043_06352.png,81,86.518,49.8323,1
201810101043_06353.png,82,90.1063,33.464,1
201810101043_06358.png,85,91.0926,33.9073,1
201810101043_06365.png,95,93.4724,39.0324,1
201810101043_06367.png,75,89.0069,46.9528,1
201810101043_06370.png,92,91.6074,35.8359,1
201810101043_06374.png,88,86.1769,31.0057,1
201810101043_06375.png,69,91.5193,37.1147,2
201810101043_06375.png,33,42.3217,28.5917,2
201810101043_06376.png,93,74.6065,56.1594,1
201810101043_06377.png,92,90.9119,36.2635,1
201810101043_06382.png,95,56.0485,41.3202,1
201810101043_06391.png,86,85.2936,30.1823,1
201810101043_06396.png,92,91.6992,37,1
201810101043_06401.png,56,20.8027,41.3781,1
201810101043_06403.png,92,93.6588,45.3931,1
201810101043_06409.png,0,-,-,0
201810101043_06420.png,84,41.4305,24.0382,1
201810101043_06422.png,76,27.6506,28.013,1
201810101043_06423.png,70,28.9427,45.5225,1
201810101043_06424.png,82,89.9346,38.2361,1
201810101043_06430.png,91,51.2075,22.9341,1
201810101043_06431.png,89,50.7227,22.8954,1
201810101043_06452.png,40,81.3984,22.767,1
201810101043_06460.png,37,29.5774,28.3396,1
201810101043_06463.png,60,49.2778,51.8974,1
201810101043_06466.png,84,89.056,32.5591,1
201810101043_06468.png,87,85.5609,29.6568,1
201810101043_06469.png,91,91.8719,34.8448,1
201810101043_06470.png,80,89.1053,37.925,1
201810101043_06472.png,93,89.7625,42.0886,1
201810101043_06477.png,75,90.4275,37.3877,1
201810101043_06483.png,65,21.408,30.0709,1
201810101043_06486.png,72,93.0033,42.1439,1
201810101043_06491.png,80,33.2628,25.036,1
201810101043_06493.png,78,33.5603,26.7574,1
201810101043_06495.png,81,40.2982,22.8875,1
201810101043_06499.png,91,91.7421,37.1623,1
201810101043_06511.png,51,90.6675,43.4345,2
201810101043_06511.png,40,9.99995,44.565,2
201810101043_06513.png,50,92.8571,43.133,1
201810101043_06514.png,47,83.3723,33.1693,3
201810101043_06514.png,39,50.3961,39.8351,3
201810101043_06514.png,38,23.3016,34.7644,3
201810101043_06517.png,84,51.1451,53.8809,1
201810101043_06520.png,47,37.6107,46.4693,1
201810101043_06524.png,90,54.5676,20.7554,1
201810101043_06533.png,86,90.1747,39.897,1
201810101043_06536.png,83,73.8002,23.7318,1
201810101043_06538.png,89,91.17,35.2559,1
201810101043_06546.png,59,93.3574,37.8019,1
201810101043_06552.png,75,74.8596,22.8579,1
201810101043_06556.png,96,66.2897,23.0704,1
201810101043_06561.png,56,81.3928,26.5249,1
201810101043_06565.png,85,88.1435,48.3685,1
201810101043_06570.png,85,89.8056,39.6764,1
201810101043_06571.png,91,88.2793,30.3365,1
201810101043_06572.png,86,79.1508,26.5222,1
201810101043_06578.png,86,90.3876,36.7663,1
201810101043_06586.png,82,93.0213,45.4837,1
201810101043_06590.png,62,81.1044,44.0648,1
201810101043_06593.png,81,88.8058,46.8221,1
201810101043_06606.png,92,78.8319,26.5099,1
201810101043_06610.png,91,87.0661,41.4536,1
201810101043_06612.png,0,-,-,0
201810101043_06619.png,82,90.1988,35.1828,1
201810101043_06620.png,56,49.2988,26.5309,1
201810101043_06621.png,77,88.4566,47.382,1
201810101043_06627.png,50,82.7843,30.6994,1
201810101043_06628.png,76,84.0359,29.1984,1
201810101043_06629.png,79,92.0303,38.8285,1
201810101043_06645.png,89,88.9876,34.457,1
201810101043_06649.png,42,93.7432,43.4545,1
201810101043_06651.png,57,91.2689,54.3847,1
201810101043_06653.png,80,86.458,27.7894,1
201810101043_06662.png,53,94.0783,41.1734,1
201810101043_06666.png,75,87.0504,29.6276,1
201810101043_06668.png,78,70.8402,23.2516,1
201810101043_06672.png,84,65.5505,21.9308,1
201810101043_06679.png,90,52.6784,22.0777,1
201810101043_06682.png,76,92.7827,43.8209,1
201810101043_06683.png,83,86.7137,32.7246,1
201810101043_06696.png,84,85.7278,31.1068,1
201810101043_06698.png,57,61.297,21.7285,1
201810101043_06705.png,48,78.9915,22.6332,1
201810101043_06708.png,84,88.9339,43.8953,1
201810101043_06709.png,0,-,-,0
201810101043_06714.png,47,93.0555,44.0918,1
201810101043_06715.png,83,58.4551,21.6255,1
201810101043_06724.png,91,88.7631,31.9333,1
201810101043_06729.png,89,89.0519,42.2041,1
201810101043_06739.png,69,92.8761,43.8404,1
201810101043_06744.png,72,93.3025,39.9958,1
201810101043_06746.png,44,76.9369,21.8299,1
201810101043_06750.png,51,82.3343,26.8019,1
201810101043_06758.png,91,56.5523,23.4205,1
201810101043_06760.png,82,91.2097,40.4431,1
201810101043_06766.png,92,90.5982,48.3974,1
201810101043_06774.png,74,85.3312,42.6865,1
201810101043_06780.png,64,85.6963,27.9947,1
201810101043_06781.png,54,93.0681,41.6023,1
201810101043_06786.png,66,84.335,27.1992,1
201810101043_06789.png,42,90.761,43.3654,1
201810101043_06795.png,74,89.2448,47.1608,1
201810101043_06801.png,45,74.8171,32.8948,2
201810101043_06801.png,36,78.328,49.6288,2
201810101043_06808.png,80,102.508,59.3653,1
201810101043_06817.png,75,95.1394,44.2334,1
201810101043_06819.png,74,87.458,47.1424,1
201810101043_06823.png,93,90.5985,50.021,1
201810101043_06826.png,28,81.8118,59.8469,1
201810101043_06827.png,92,88.4991,32.3731,1
201810101043_06831.png,82,73.4327,25.3419,1
201810101043_06833.png,78,85.9933,32.0574,1
201810101043_06838.png,83,86.588,27.9652,1
201810101043_06845.png,81,85.5767,30.9855,1
201810101043_06861.png,89,90.1885,44.121,1
201810101043_06863.png,89,86.2743,31.084,1
201810101043_06864.png,96,93.7964,49.3036,1
201810101043_06868.png,85,92.2031,36.7092,2
201810101043_06868.png,27,28.4928,43.5873,2
201810101043_06873.png,87,88.8964,33.5012,1
201810101043_06877.png,90,22.0453,33.9268,1
201810101043_06897.png,52,34.9361,27.0905,1
201810101043_06908.png,29,34.0131,36.1161,1
201810101043_06913.png,0,-,-,0
201810101043_06918.png,83,19.8073,19.9797,1
201810101043_06919.png,80,53.3062,47.5174,1
201810101043_06923.png,60,24.9817,31.4808,1
201810101043_06928.png,40,37.4173,45.758,1
201810101043_06931.png,39,26.9203,29.461,1
201810101043_06936.png,91,91.443,37.4379,1
201810101043_06945.png,88,40.8692,32.4984,1
201810101043_06948.png,0,-,-,0
201810101043_06949.png,90,91.1327,35.2083,1
201810101043_06952.png,46,20.9726,30.4022,1
201810101043_06957.png,91,93.5286,45.2468,1
201810101043_06962.png,81,40.0048,27.9941,1
201810101043_06967.png,88,36.8224,23.8138,1
201810101043_07002.png,86,91.714,41.6925,1
201810101043_07004.png,90,88.9882,44.2492,1
201810101043_07005.png,90,59.0887,27.0776,1
201810101043_07009.png,82,42.6064,39.9528,1
201810101043_07014.png,86,29.8752,32.8747,1
201810101043_07015.png,76,46.7168,55.6725,1
201810101043_07028.png,89,87.5679,31.0348,1
201810101043_07029.png,48,97.2225,47.4606,1
201810101043_07031.png,63,81.7227,27.2495,1
201810101043_07037.png,56,82.022,27.2945,1
201810101043_07045.png,87,91.8697,33.4797,1
201810101043_07046.png,67,85.0005,29.3033,1
201810101043_07051.png,89,94.7198,40.396,1
201810101043_07054.png,0,-,-,0
201810101043_07058.png,92,87.8154,31.1769,1
201810101043_07060.png,93,85.3574,50.5296,1
201810101043_07066.png,95,92.6628,50.08,1
201810101043_07068.png,82,90.8503,52.1499,1
201810101043_07071.png,93,93.2185,53.0791,1
201810101043_07078.png,96,93.3118,36.9839,1
201810101043_07079.png,89,79.2256,25.2094,1
201810101043_07080.png,75,88.0986,46.9309,1
201810101043_07089.png,17,89.4764,44.6555,1
201810101043_07096.png,93,61.7261,18.7246,1
201810101043_07110.png,64,83.646,27.9074,1
201810101043_07111.png,92,88.2343,32.6429,1
201810101043_07112.png,91,94.5507,46.0333,1
201810101043_07113.png,86,44.518,60.4467,1
201810101043_07117.png,0,-,-,0
201810101043_07120.png,89,88.1128,31.1275,1
201810101043_07122.png,0,-,-,0
201810101043_07123.png,0,-,-,0
201810101043_07125.png,47,35.0567,27.3401,1
201810101043_07127.png,0,-,-,0
201810101043_07128.png,98,50.7357,21.6723,1
201810101043_07135.png,91,91.6282,37.5906,1
201810101043_07145.png,62,9.97428,23.7582,1
201810101043_07152.png,93,93.1687,38.2066,1
201810101043_07153.png,0,-,-,0
201810101043_07154.png,70,82.8943,24.7763,1
201810101043_07162.png,29,79.1915,27.5063,1
201810101043_07164.png,93,87.9292,30.4683,1
201810101043_07173.png,89,86.5657,31.0486,1
201810101043_07182.png,74,94.5669,44.2014,1
201810101043_07183.png,83,93.7826,44.9524,1
201810101043_07191.png,56,14.9409,23.1287,1
201810101043_07194.png,84,91.0938,46.9804,1
201810101043_07206.png,50,93.2878,42.5159,1
201810101043_07225.png,86,86.6242,27.0009,1
201810101043_07227.png,62,82.0674,25.7113,1
201810101043_07230.png,79,82.0717,24.4059,1
201810101043_07237.png,76,24.528,25.0891,2
201810101043_07237.png,65,88.7241,50.4056,2
201810101043_07246.png,62,82.5937,23.3255,1
201810101043_07248.png,86,88.2458,48.1752,1
201810101043_07252.png,77,89.0976,46.6876,1
201810101043_07259.png,92,92.8603,38.9285,1
201810101043_07264.png,89,85.7889,30.5067,1
201810101043_07269.png,97,83.4077,50.7607,1
201810101043_07271.png,96,93.6093,45.726,1
201810101043_07278.png,86,90.6593,32.1584,1
201810101043_07279.png,96,84.9368,50.1294,1
201810101043_07289.png,90,87.9026,30.5347,1
201810101043_07295.png,78,89.0699,30.4166,1
201810101043_07296.png,40,90.1652,29.5371,1
201810101043_07299.png,88,90.898,47.2249,1
201810101043_07301.png,78,91.5101,44.8485,1
201810101043_07302.png,82,87.2951,46.6844,1
201810101043_07307.png,87,91.6037,35.4657,1
201810101043_07308.png,91,78.0463,23.7217,1
201810101043_07310.png,95,93.2181,38.8774,1
201810101043_07314.png,71,72.337,38.1274,1
201810101043_07315.png,73,71.8941,51.4945,1
201810101043_07317.png,80,63.1386,20.1488,1
201810101043_07321.png,46,79.9343,24.9427,1
201810101043_07324.png,41,77.5373,21.6582,1
201810101043_07328.png,60,87.8667,31.8101,2
201810101043_07328.png,16,108.498,65.0643,2
201810101043_07329.png,85,57.1723,22.1511,1
201810101043_07346.png,51,77.0502,19.826,1
201810101043_07354.png,54,93.3404,40.4406,1
201810101043_07355.png,0,-,-,0
201810101043_07358.png,0,-,-,0
201810101043_07375.png,89,87.8951,29.752,1
201810101043_07377.png,86,88.6484,27.7235,1
201810101043_07382.png,92,54.1907,21.2867,1
201810101043_07383.png,90,90.9232,35.4653,1
201810101043_07386.png,81,53.1712,19.2086,1
201810101043_07388.png,71,68.4025,18.4007,1
201810101043_07389.png,84,56.453,19.7923,1
201810101043_07392.png,90,89.7349,31.4578,1
201810101043_07402.png,95,66.4683,19.3325,1
201810101043_07409.png,64,69.2141,18.8817,1
201810101043_07416.png,69,92.3161,42.5048,1
201810101043_07419.png,91,78.4077,21.9694,1
201810101043_07422.png,67,58.7639,19.1279,1
201810101043_07429.png,74,81.1608,26.4516,1
201810101043_07431.png,80,71.3967,20.7888,1
201810101043_07436.png,90,94.6939,47.3825,1
201810101043_07440.png,86,90.2083,40.3319,1
201810101043_07452.png,43,79.0031,27.3753,1
201810101043_07458.png,88,89.3707,33.0266,1
201810101043_07459.png,93,82.3973,23.3622,1
201810101043_07471.png,90,88.8558,29.9093,1
201810101043_07475.png,79,85.7155,26.3391,1
201810101043_07476.png,93,68.4997,20.7914,1
201810101043_07480.png,94,88.7107,30.9711,1
201810101043_07483.png,79,90.7466,32.0695,1
201810101043_07489.png,86,88.191,50.667,1
201810101043_07496.png,90,89.6934,40.2592,1
201810101043_07501.png,94,90.1222,50.1131,1
201810101043_07503.png,91,87.6079,50.8139,1
201810101043_07505.png,39,95.2366,41.9619,1
201810101043_07511.png,94,92.1289,47.3788,1
201810101043_07516.png,90,90.0616,49.4874,1
201810101043_07523.png,91,87.5976,49.5024,1
201810101043_07524.png,92,92.5004,38.2779,1
201810101043_07533.png,0,-,-,0
201810101043_07555.png,78,87.6492,27.279,1
201810101043_07559.png,58,59.1993,69.7513,1
201810101043_07577.png,42,93.9512,42.2722,1
201810101043_07589.png,96,94.1332,37.7795,1
201810101043_07596.png,74,82.7595,22.6535,1
201810101043_07600.png,30,95.0401,43.344,1
201810101043_07601.png,75,94.6194,40.6551,1
201810101043_07607.png,35,22.6741,28.336,1
201810101043_07611.png,87,73.8094,21.0136,1
201810101043_07612.png,86,71.4505,21.2593,1
201810101043_07637.png,72,97.5487,48.6189,1
201810101043_07640.png,73,92.5794,39.3554,1
201810101043_07644.png,85,85.6988,30.0813,1
201810101043_07649.png,71,90.0433,34.21,1
201810101043_07651.png,96,93.3589,37.031,1
201810101043_07653.png,79,92.5853,33.2557,1
201810101043_07671.png,48,82.4876,27.0663,1
201810101043_07676.png,0,-,-,0
201810101043_07681.png,54,97.3543,43.8455,1
201810101043_07683.png,91,91.9128,35.2342,1
201810101043_07686.png,77,89.4373,29.6391,1
201810101043_07687.png,80,85.6623,27.952,1
201810101043_07698.png,85,90.0885,26.2269,1
201810101043_07699.png,81,84.2845,24.4593,1
201810101043_07703.png,83,95.1286,44.4712,1
201810101043_07708.png,64,94.9952,48.4591,1
201810101043_07711.png,95,93.1363,36.8118,1
201810101043_07712.png,90,89.3748,32.0819,1
201810101043_07713.png,84,89.5501,32.9508,1
201810101043_07730.png,84,88.9358,50.7268,1
201810101043_07732.png,94,87.3778,44.3503,1
201810101043_07733.png,62,87.0742,47.3582,2
201810101043_07733.png,46,41.967,27.7903,2
201810101043_07736.png,83,90.8145,47.5758,1
201810101043_07738.png,95,94.1585,39.6554,1
201810101043_07739.png,96,93.0523,47.0291,1
201810101043_07741.png,90,88.3769,32.4521,1
201810101043_07751.png,88,90.7281,34.4689,1
201810101043_07760.png,88,56.2753,18.5279,1
201810101043_07765.png,88,91.2138,35.6316,1
201810101043_07769.png,0,-,-,0
201810101043_07772.png,96,93.2528,37.7246,1
201810101043_07776.png,82,91.7258,41.1161,1
201810101043_07777.png,89,94.493,49.5648,1
201810101043_07791.png,67,45.4815,62.74,2
201810101043_07791.png,21,49.5367,66.4111,2
201810101043_07793.png,87,91.3354,44.1042,1
201810101043_07797.png,0,-,-,0
201810101043_07803.png,0,-,-,0
201810101043_07818.png,85,94.6959,35.8013,1
201810101043_07819.png,78,74.8502,22.1285,1
201810101043_07822.png,33,94.9212,41.8168,1
201810101043_07823.png,59,91.9423,39.2257,1
201810101043_07828.png,32,85.7075,29.4577,1
201810101043_07833.png,0,-,-,0
201810101043_07845.png,69,46.3396,23.2119,2
201810101043_07845.png,54,91.0481,38.2315,2
201810101043_07848.png,60,84.7456,27.6705,1
201810101043_07852.png,82,89.3543,27.5071,1
201810101043_07853.png,97,66.3382,21.6099,1
201810101043_07854.png,93,98.5089,48.2896,1
201810101043_07861.png,92,88.6887,31.0195,1
201810101043_07863.png,51,36.8683,38.4383,1
201810101043_07867.png,86,86.2526,27.0025,1
201810101043_07870.png,87,98.0377,46.648,1
201810101043_07873.png,83,73.8312,21.9338,1
201810101043_07881.png,57,92.9477,43.162,1
201810101043_07892.png,72,89.1174,34.0036,2
201810101043_07892.png,70,41.4913,26.5923,2
201810101043_07909.png,49,33.3534,26.9032,1
201810101043_07915.png,87,75.8061,48.4995,1
201810101043_07922.png,53,80.787,27.4034,1
201810101043_07924.png,50,97.262,51.0741,1
201810101043_07926.png,60,99.0095,43.5569,1
201810101043_07938.png,92,89.7564,50.045,1
201810101043_07944.png,78,90.0866,46.153,1
201810101043_07948.png,76,55.1042,56.4099,1
201810101043_07964.png,85,87.6331,32.2611,1
201810101043_07966.png,88,91.9945,37.5216,1
201810101043_07967.png,67,92.5075,43.4846,2
201810101043_07967.png,42,39.6232,31.5286,2
201810101043_07974.png,40,97.5709,43.9332,1
201810101043_07976.png,93,51.8397,22.9203,1
201810101043_07987.png,26,95.3313,42.0978,1
201810101043_07992.png,52,93.6245,43.2084,1
201810101043_08005.png,86,94.5968,39.718,1
201810101043_08010.png,58,85.0335,23.483,1
201810101043_08020.png,16,26.6658,24.6132,1
201810101043_08021.png,89,86.6652,30.4782,1
201810101043_08055.png,89,91.7623,36.5369,1
201810101043_08060.png,89,87.9743,26.691,1
201810101043_08061.png,79,92.1212,41.5417,1
201810101043_08071.png,90,90.0166,44.058,1
201810101043_08072.png,43,99.5026,43.646,1
201810101043_08074.png,92,82.9128,53.302,1
201810101043_08083.png,86,86.9561,25.6897,1
201810101043_08084.png,84,89.8304,33.1393,1
201810101043_08091.png,78,89.7332,37.4072,1
201810101043_08096.png,71,85.8736,28.1787,1
201810101043_08101.png,79,79.1277,21.6456,1
201810101043_08116.png,93,93.0836,38.6413,1
201810101043_08121.png,87,89.1695,30.4553,1
201810101043_08123.png,68,91.3879,32.2254,1
201810101043_08125.png,80,88.2173,52.0695,1
201810101043_08127.png,53,85.4206,27.9497,1
201810101043_08137.png,88,92.0671,34.1915,1
201810101043_08144.png,91,86.8223,48.6177,1
201810101043_08147.png,43,97.77,41.3561,1
201810101043_08152.png,89,92.1241,35.2007,1
201810101043_08154.png,89,89.7135,49.2513,1
201810101043_08158.png,46,80.9477,27.5686,1
201810101043_08167.png,66,90.3548,43.51,1
201810101043_08169.png,68,89.724,35.7514,1
201810101043_08172.png,85,92.2461,46.3152,1
201810101043_08189.png,60,21.2347,31.7152,1
201810101043_08192.png,61,87.4501,27.8679,1
201810101043_08195.png,40,45.0459,37.8057,1
201810101043_08198.png,34,90.2579,44.2434,1
201810101043_08212.png,92,45.2467,60.6986,1
201810101043_08216.png,86,94.8767,38.7639,1
201810101043_08219.png,0,-,-,0
201810101043_08226.png,61,22.5348,31.1523,1
201810101043_08231.png,94,86.9514,42.2333,1
201810101043_08233.png,87,93.3552,33.0151,1
201810101043_08234.png,87,86.0008,30.5433,1
201810101043_08236.png,90,98.3914,45.932,1
201810101043_08242.png,90,89.0598,31.1257,1
201810101043_08245.png,0,-,-,0
201810101043_08248.png,93,45.0182,22.2775,1
201810101043_08254.png,78,39.2716,30.5414,1
201810101043_08257.png,80,91.0175,37.7129,1
201810101043_08270.png,91,59.9141,22.5309,1
201810101043_08275.png,69,78.171,19.7815,1
201810101043_08300.png,69,89.5801,29.8063,1
201810101043_08302.png,62,97.326,46.5498,1
201810101043_08305.png,48,84.4262,28.1845,1
201810101043_08312.png,82,84.9493,27.3817,1
201810101043_08317.png,63,85.0932,24.5285,1
201810101043_08318.png,67,90.7399,45.7254,1
201810101043_08320.png,0,-,-,0
201810101043_08324.png,96,94.1922,49.3099,1
201810101043_08331.png,92,89.083,31.2736,1
201810101043_08332.png,81,78.1786,26.1786,1
201810101043_08336.png,84,79.2737,45.443,1
201810101043_08349.png,0,-,-,0
201810101043_08360.png,79,73.4111,24.545,1
201810101043_08368.png,93,87.3654,44.0963,1
201810101043_08369.png,78,88.9809,52.4725,1
201810101043_08376.png,91,90.0433,47.3993,1
201810101043_08380.png,63,33.7438,24.414,1
201810101043_08388.png,90,78.0046,23.3281,1
201810101043_08396.png,67,47.2336,39.9879,1
201810101043_08399.png,93,93.6714,38.3058,1
201810101043_08402.png,95,92.844,36.1403,1
201810101043_08406.png,82,92.9049,46.5657,1
201810101043_08409.png,16,37.9874,47.8951,1
201810101043_08412.png,87,93.1676,45.5538,1
201810101043_08413.png,65,68.0358,18.1052,1
201810101043_08417.png,45,94.5204,41.471,1
201810101043_08425.png,94,52.685,20.7085,1
201810101043_08441.png,47,27.6608,30.3522,1
201810101043_08442.png,0,-,-,0
201810101043_08443.png,23,21.4569,31.0139,1
201810101043_08444.png,46,91.8224,42.6736,1
201810101043_08448.png,85,97.8932,46.2191,1
201810101043_08455.png,94,91.9121,37.1616,1
201810101043_08460.png,44,97.9813,44.1286,1
201810101043_08464.png,81,90.166,32.1167,1
201810101043_08470.png,84,87.1285,26.0349,1
201810101043_08472.png,53,50.7996,24.9702,1
201810101043_08477.png,93,94.5807,45.7325,1
201810101043_08487.png,53,81.2684,26.5001,1
201810101043_08492.png,92,94.0905,34.5275,1
201810101043_08502.png,0,-,-,0
201810101043_08506.png,78,79.169,21.8278,1
201810101043_08513.png,86,97.4536,45.2749,1
201810101043_08515.png,73,86.0895,29.7209,1
201810101043_08522.png,58,93.1764,43.6765,1
201810101043_08535.png,45,91.0596,42.7458,1
201810101043_08536.png,80,91.3259,33.7783,1
201810101043_08543.png,54,90.2473,42.5888,1
201810101043_08544.png,94,91.5234,48.3255,1
201810101043_08550.png,95,91.6712,48.2196,1
201810101043_08551.png,94,92.6361,36.1641,1
201810101043_08560.png,49,92.8237,42.6782,1
201810101043_08563.png,97,92.8677,47.9056,1
201810101043_08564.png,38,95.4808,41.9374,1
201810101043_08576.png,0,-,-,0
201810101043_08577.png,87,90.7534,35.8961,1
201810101043_08582.png,74,90.8321,30.1934,1
201810101043_08584.png,60,95.3728,37.427,1
201810101043_08587.png,68,81.5274,27.1415,1
201810101043_08593.png,0,-,-,0
201810101043_08597.png,70,92.5594,41.5536,1
201810101043_08601.png,41,67.483,20.2422,1
201810101043_08603.png,69,79.1773,26.7555,1
201810101043_08606.png,0,-,-,0
201810101043_08613.png,0,-,-,0
201810101043_08630.png,78,44.7408,23.5654,1
201810101043_08633.png,86,66.1127,21.052,1
201810101043_08636.png,0,-,-,0
201810101043_08648.png,81,91.1653,45.0728,1
201810101043_08651.png,0,-,-,0
201810101043_08652.png,87,87.4318,39.4831,1
201810101043_08656.png,54,21.2538,33.0698,1
201810101043_08659.png,69,92.0584,39.1934,1
201810101043_08661.png,17,34.2323,45.5066,1
201810101043_08663.png,75,85.3387,26.3489,1
201810101043_08664.png,89,90.707,37.4957,1
201810101043_08665.png,37,87.2534,66.9454,2
201810101043_08665.png,15,86.891,27.7913,2
201810101043_08673.png,93,93.2778,49.6972,1
201810101043_08676.png,65,97.0442,44.3613,1
201810101043_08680.png,60,97.6745,44.2439,1
201810101043_08682.png,60,89.993,30.0809,2
201810101043_08682.png,52,126.367,60.7604,2
201810101043_08684.png,95,66.5266,19.7453,1
201810101043_08689.png,94,68.2197,20.9318,1
201810101043_08690.png,28,21.5595,31.1568,1
201810101043_08692.png,86,87.1144,31.5753,1
201810101043_08693.png,18,52.7445,67.5302,1
201810101043_08696.png,88,69.9321,20.1064,1
201810101043_08701.png,41,37.2872,39.5468,1
201810101043_08706.png,90,90.0457,49.0775,1
201810101043_08709.png,62,94.5055,54.7067,1
201810101043_08710.png,81,88.2354,52.3335,1
201810101043_08711.png,96,93.911,35.3987,1
201810101043_08713.png,89,93.3892,32.4795,1
201810101043_08722.png,83,93.5969,53.2738,1
201810101043_08729.png,71,58.8417,23.0745,2
201810101043_08729.png,61,81.9398,25.0679,2
201810101043_08730.png,76,89.2174,29.4632,1
201810101043_08732.png,96,93.5324,35.1885,1
201810101043_08736.png,59,97.0465,39.6501,1
201810101043_08742.png,81,84.3049,38.8525,1
201810101043_08759.png,89,61.8861,18.2742,1
201810101043_08768.png,89,43.71,23.096,1
201810101043_08769.png,67,68.4539,19.5165,1
201810101043_08778.png,89,71.4747,20.8484,1
201810101043_08779.png,51,23.2963,41.8599,1
201810101043_08787.png,95,98.32,47.1565,1
201810101043_08788.png,96,93.923,38.3541,1
201810101043_08790.png,66,37.9088,24.9998,1
201810101043_08825.png,78,92.8459,43.9151,1
201810101043_08842.png,48,95.2882,41.9794,1
201810101043_08844.png,69,85.9617,24.8428,1
201810101043_08857.png,94,93.0058,36.3614,1
201810101043_08859.png,60,79.5624,23.094,1
201810101043_08861.png,79,90.3867,29.5064,1
201810101043_08862.png,85,97.9649,44.9522,1
201810101043_08863.png,31,97.7366,56.6789,1
201810101043_08864.png,87,89.1904,27.7159,1
201810101043_08867.png,0,-,-,0
201810101043_08873.png,69,81.2104,24.8568,1
201810101043_08876.png,66,95.0889,54.1203,1
201810101043_08881.png,0,-,-,0
201810101043_08883.png,36,97.3222,41.7761,1
201810101043_08891.png,86,92.433,35.1755,1
201810101043_08892.png,80,88.212,46.8491,1
201810101043_08894.png,73,49.2963,23.1514,2
201810101043_08894.png,59,86.3391,55.6778,2
201810101043_08895.png,95,93.3935,52.0825,1
201810101043_08896.png,42,97.4186,41.4685,1
201810101043_08899.png,83,86.4262,52.5938,1
201810101043_08917.png,68,97.6852,47.6438,1
201810101043_08919.png,67,97.2382,39.3918,1
201810101043_08920.png,67,94.7733,48.6322,1
201810101043_08926.png,91,88.6364,32.4684,1
201810101043_08935.png,79,90.4442,33.4752,1
201810101043_08941.png,76,94.8819,51.2668,1
201810101043_08943.png,80,70.9204,35.2703,1
201810101043_08951.png,89,88.7804,31.5536,1
201810101043_08965.png,84,92.431,43.7041,1
201810101043_08970.png,15,36.2172,47.0879,1
201810101043_08971.png,0,-,-,0
201810101043_08979.png,0,-,-,0
201810101043_08981.png,84,86.684,29.5808,1
201810101043_08998.png,0,-,-,0
201810101043_08999.png,63,58.9617,20.769,1
201810101043_09007.png,90,44.5337,23.8335,1
201810101043_09008.png,0,-,-,0
201810101043_09010.png,57,44.3456,29.2954,1
201810101043_09020.png,84,92.9155,45.5793,1
201810101043_09029.png,85,71.2969,21.5135,1
201810101043_09037.png,94,34.1516,24.9428,1
201810101043_09040.png,76,78.9968,36.1214,1
201810101043_09043.png,83,97.5889,44.833,1
201810101043_09046.png,38,36.7114,25.6168,2
201810101043_09046.png,38,82.4665,21.0998,2
201810101043_09047.png,87,97.7108,45.6123,1
201810101043_09048.png,78,91.7855,33.5501,1
201810101043_09052.png,93,93.7678,38.9784,1
201810101043_09059.png,89,94.2777,32.6548,1
201810101043_09062.png,32,83.0553,28.1873,1
201810101043_09067.png,90,78.9157,23.8601,1
201810101043_09071.png,73,78.5549,26.7718,1
201810101043_09074.png,84,91.9178,33.9136,1
201810101043_09085.png,84,91.9669,33.4599,1
201810101043_09087.png,93,94.5909,33.7032,1
201810101043_09094.png,94,94.0314,33.7674,1
201810101043_09097.png,79,86.8547,46.7872,1
201810101043_09100.png,0,-,-,0
201810101043_09104.png,92,92.9033,33.3693,1
201810101043_09107.png,52,96.9274,43.7154,1
201810101043_09114.png,93,85.9234,48.4461,1
201810101043_09119.png,0,-,-,0
201810101043_09128.png,0,-,-,0
201810101043_09131.png,78,85.1844,26.7611,1
201810101043_09137.png,56,97.1204,40.527,1
201810101043_09145.png,34,95.2387,43.1951,1
201810101043_09148.png,58,84.0908,23.728,1
201810101043_09153.png,93,89.155,30.8774,1
201810101043_09161.png,42,25.0761,31.5396,1
201810101043_09162.png,72,89.0975,27.0514,1
201810101043_09172.png,96,94.0733,46.3809,1
201810101043_09189.png,43,92.3677,42.7515,1
201810101043_09203.png,53,77.1644,23.101,1
201810101043_09205.png,89,91.4691,34.775,1
201810101043_09208.png,87,86.7067,26.4123,1
201810101043_09214.png,80,89.5128,30.4176,1
201810101043_09216.png,92,62.0517,19.434,1
201810101043_09221.png,88,91.579,34.667,1
201810101043_09229.png,86,73.6637,22.4621,1
201810101043_09233.png,74,75.0309,20.2028,1
201810101043_09236.png,75,89.0253,29.5495,1
201810101043_09242.png,95,92.7192,47.6808,1
201810101043_09251.png,87,89.8702,30.3088,1
201810101043_09252.png,89,98.9774,45.8482,1
201810101043_09258.png,94,94.1091,32.9372,1
201810101043_09262.png,94,94.0704,32.7291,1
201810101043_09265.png,95,93.9835,52.3328,1
201810101043_09267.png,60,87.4561,28.2492,1
201810101043_09275.png,91,92.9945,53.1044,1
201810101043_09281.png,95,92.9375,47.6029,1
201810101043_09284.png,94,87.5495,49.6414,1
201810101043_09291.png,82,92.3131,44.1623,1
201810101043_09293.png,96,94.1563,48.7666,1
201810101043_09300.png,88,88.9642,32.5153,1
201810101043_09302.png,74,46.3914,49.1397,2
201810101043_09302.png,23,49.218,51.7542,2
201810101043_09303.png,95,94.3997,36.579,1
201810101043_09308.png,0,-,-,0
201810101043_09309.png,33,97.4692,43.8178,1
201810101043_09311.png,0,-,-,0
201810101043_09315.png,0,-,-,0
201810101043_09326.png,77,87.82,29.4491,1
201810101043_09327.png,92,93.9642,39.2539,1
201810101043_09352.png,0,-,-,0
201810101043_09354.png,0,-,-,0
201810101043_09355.png,89,88.9698,30.5977,1
201810101043_09358.png,92,89.2408,30.4933,1
201810101043_09360.png,0,-,-,0
201810101043_09369.png,92,99.5268,48.2442,1
